Year,BASE_PER,NATURE,COMMENT_OBS,SOURCE_DETAIL,SDG Series,Sex,Age,Degree of urbanisation,Base period,Nature of data points,Observation-level footnotes,Source details,Value
1995,2017,G,"Accessed September 14, 2022. Based on data from HICES. Estimated from unit-record consumption data. ","Poverty and Inequality Portal, World Bank",Proportion of population below international poverty line [1.1.1],,,,2017,Global monitoring data,"Accessed September 14, 2022. Based on data from HICES. Estimated from unit-record consumption data. ","Poverty and Inequality Portal, World Bank",65.2
1999,2017,G,"Accessed September 14, 2022. Based on data from HICES. Estimated from unit-record consumption data. ","Poverty and Inequality Portal, World Bank",Proportion of population below international poverty line [1.1.1],,,,2017,Global monitoring data,"Accessed September 14, 2022. Based on data from HICES. Estimated from unit-record consumption data. ","Poverty and Inequality Portal, World Bank",52.7
2004,2017,G,"Accessed September 14, 2022. Based on data from HICES. Estimated from unit-record consumption data. ","Poverty and Inequality Portal, World Bank",Proportion of population below international poverty line [1.1.1],,,,2017,Global monitoring data,"Accessed September 14, 2022. Based on data from HICES. Estimated from unit-record consumption data. ","Poverty and Inequality Portal, World Bank",34.3
2010,2017,G,"Accessed September 14, 2022. Based on data from HICES. Estimated from unit-record consumption data. ","Poverty and Inequality Portal, World Bank",Proportion of population below international poverty line [1.1.1],,,,2017,Global monitoring data,"Accessed September 14, 2022. Based on data from HICES. Estimated from unit-record consumption data. ","Poverty and Inequality Portal, World Bank",31.3
2015,2017,G,"Accessed September 14, 2022. Based on data from HICES. Estimated from unit-record consumption data. ","Poverty and Inequality Portal, World Bank",Proportion of population below international poverty line [1.1.1],,,,2017,Global monitoring data,"Accessed September 14, 2022. Based on data from HICES. Estimated from unit-record consumption data. ","Poverty and Inequality Portal, World Bank",27.0
2010,2017,G,"Accessed September 14, 2022. Survey name: HICES. Uses a consumption aggregate, which is not spatially deflated.","Poverty and Inequality Portal, World Bank",Proportion of population below international poverty line [1.1.1],,,Rural,2017,Global monitoring data,"Accessed September 14, 2022. Survey name: HICES. Uses a consumption aggregate, which is not spatially deflated.","Poverty and Inequality Portal, World Bank",34.90585
2015,2017,G,"Accessed September 14, 2022. Survey name: HICES. Uses a consumption aggregate, which is not spatially deflated.","Poverty and Inequality Portal, World Bank",Proportion of population below international poverty line [1.1.1],,,Rural,2017,Global monitoring data,"Accessed September 14, 2022. Survey name: HICES. Uses a consumption aggregate, which is not spatially deflated.","Poverty and Inequality Portal, World Bank",30.71564
2010,2017,G,"Accessed September 14, 2022. Survey name: HICES. Uses a consumption aggregate, which is not spatially deflated.","Poverty and Inequality Portal, World Bank",Proportion of population below international poverty line [1.1.1],,,Urban,2017,Global monitoring data,"Accessed September 14, 2022. Survey name: HICES. Uses a consumption aggregate, which is not spatially deflated.","Poverty and Inequality Portal, World Bank",12.90413
2015,2017,G,"Accessed September 14, 2022. Survey name: HICES. Uses a consumption aggregate, which is not spatially deflated.","Poverty and Inequality Portal, World Bank",Proportion of population below international poverty line [1.1.1],,,Urban,2017,Global monitoring data,"Accessed September 14, 2022. Survey name: HICES. Uses a consumption aggregate, which is not spatially deflated.","Poverty and Inequality Portal, World Bank",11.28973
2010,2017,G,"Accessed September 14, 2022. Survey name: HICES. Uses a consumption aggregate, which is not spatially deflated.","Poverty and Inequality Portal, World Bank",Proportion of population below international poverty line [1.1.1],,65 years old and over,,2017,Global monitoring data,"Accessed September 14, 2022. Survey name: HICES. Uses a consumption aggregate, which is not spatially deflated.","Poverty and Inequality Portal, World Bank",22.5673
2015,2017,G,"Accessed September 14, 2022. Survey name: HICES. Uses a consumption aggregate, which is not spatially deflated.","Poverty and Inequality Portal, World Bank",Proportion of population below international poverty line [1.1.1],,65 years old and over,,2017,Global monitoring data,"Accessed September 14, 2022. Survey name: HICES. Uses a consumption aggregate, which is not spatially deflated.","Poverty and Inequality Portal, World Bank",20.62819
2010,2017,G,"Accessed September 14, 2022. Survey name: HICES. Uses a consumption aggregate, which is not spatially deflated.","Poverty and Inequality Portal, World Bank",Proportion of population below international poverty line [1.1.1],,under 15 years old,,2017,Global monitoring data,"Accessed September 14, 2022. Survey name: HICES. Uses a consumption aggregate, which is not spatially deflated.","Poverty and Inequality Portal, World Bank",36.22651
2015,2017,G,"Accessed September 14, 2022. Survey name: HICES. Uses a consumption aggregate, which is not spatially deflated.","Poverty and Inequality Portal, World Bank",Proportion of population below international poverty line [1.1.1],,under 15 years old,,2017,Global monitoring data,"Accessed September 14, 2022. Survey name: HICES. Uses a consumption aggregate, which is not spatially deflated.","Poverty and Inequality Portal, World Bank",31.53201
2010,2017,G,"Accessed September 14, 2022. Survey name: HICES. Uses a consumption aggregate, which is not spatially deflated.","Poverty and Inequality Portal, World Bank",Proportion of population below international poverty line [1.1.1],,15 to 64 years old,,2017,Global monitoring data,"Accessed September 14, 2022. Survey name: HICES. Uses a consumption aggregate, which is not spatially deflated.","Poverty and Inequality Portal, World Bank",27.2438
2015,2017,G,"Accessed September 14, 2022. Survey name: HICES. Uses a consumption aggregate, which is not spatially deflated.","Poverty and Inequality Portal, World Bank",Proportion of population below international poverty line [1.1.1],,15 to 64 years old,,2017,Global monitoring data,"Accessed September 14, 2022. Survey name: HICES. Uses a consumption aggregate, which is not spatially deflated.","Poverty and Inequality Portal, World Bank",23.53511
2010,2017,G,"Accessed September 14, 2022. Survey name: HICES. Uses a consumption aggregate, which is not spatially deflated.","Poverty and Inequality Portal, World Bank",Proportion of population below international poverty line [1.1.1],Female,,,2017,Global monitoring data,"Accessed September 14, 2022. Survey name: HICES. Uses a consumption aggregate, which is not spatially deflated.","Poverty and Inequality Portal, World Bank",30.88158
2015,2017,G,"Accessed September 14, 2022. Survey name: HICES. Uses a consumption aggregate, which is not spatially deflated.","Poverty and Inequality Portal, World Bank",Proportion of population below international poverty line [1.1.1],Female,,,2017,Global monitoring data,"Accessed September 14, 2022. Survey name: HICES. Uses a consumption aggregate, which is not spatially deflated.","Poverty and Inequality Portal, World Bank",26.36629
2010,2017,G,"Accessed September 14, 2022. Survey name: HICES. Uses a consumption aggregate, which is not spatially deflated.","Poverty and Inequality Portal, World Bank",Proportion of population below international poverty line [1.1.1],Male,,,2017,Global monitoring data,"Accessed September 14, 2022. Survey name: HICES. Uses a consumption aggregate, which is not spatially deflated.","Poverty and Inequality Portal, World Bank",31.64955
2015,2017,G,"Accessed September 14, 2022. Survey name: HICES. Uses a consumption aggregate, which is not spatially deflated.","Poverty and Inequality Portal, World Bank",Proportion of population below international poverty line [1.1.1],Male,,,2017,Global monitoring data,"Accessed September 14, 2022. Survey name: HICES. Uses a consumption aggregate, which is not spatially deflated.","Poverty and Inequality Portal, World Bank",27.58993
2000,,M,,"Source = ILO modelled estimates, November 2021, available in ILOSTAT (https://ilostat.ilo.org/). For the specific sources by country and the estimation methodology refer to ILOSTAT directly.",Employed population below international poverty line [1.1.1],,15 years old and over,,,Modeled,,"Source = ILO modelled estimates, November 2021, available in ILOSTAT (https://ilostat.ilo.org/). For the specific sources by country and the estimation methodology refer to ILOSTAT directly.",54.3
2001,,M,,"Source = ILO modelled estimates, November 2021, available in ILOSTAT (https://ilostat.ilo.org/). For the specific sources by country and the estimation methodology refer to ILOSTAT directly.",Employed population below international poverty line [1.1.1],,15 years old and over,,,Modeled,,"Source = ILO modelled estimates, November 2021, available in ILOSTAT (https://ilostat.ilo.org/). For the specific sources by country and the estimation methodology refer to ILOSTAT directly.",47.0
2002,,M,,"Source = ILO modelled estimates, November 2021, available in ILOSTAT (https://ilostat.ilo.org/). For the specific sources by country and the estimation methodology refer to ILOSTAT directly.",Employed population below international poverty line [1.1.1],,15 years old and over,,,Modeled,,"Source = ILO modelled estimates, November 2021, available in ILOSTAT (https://ilostat.ilo.org/). For the specific sources by country and the estimation methodology refer to ILOSTAT directly.",48.9
2003,,M,,"Source = ILO modelled estimates, November 2021, available in ILOSTAT (https://ilostat.ilo.org/). For the specific sources by country and the estimation methodology refer to ILOSTAT directly.",Employed population below international poverty line [1.1.1],,15 years old and over,,,Modeled,,"Source = ILO modelled estimates, November 2021, available in ILOSTAT (https://ilostat.ilo.org/). For the specific sources by country and the estimation methodology refer to ILOSTAT directly.",56.0
2004,,M,,"Source = ILO modelled estimates, November 2021, available in ILOSTAT (https://ilostat.ilo.org/). For the specific sources by country and the estimation methodology refer to ILOSTAT directly.",Employed population below international poverty line [1.1.1],,15 years old and over,,,Modeled,,"Source = ILO modelled estimates, November 2021, available in ILOSTAT (https://ilostat.ilo.org/). For the specific sources by country and the estimation methodology refer to ILOSTAT directly.",42.5
2005,,M,,"Source = ILO modelled estimates, November 2021, available in ILOSTAT (https://ilostat.ilo.org/). For the specific sources by country and the estimation methodology refer to ILOSTAT directly.",Employed population below international poverty line [1.1.1],,15 years old and over,,,Modeled,,"Source = ILO modelled estimates, November 2021, available in ILOSTAT (https://ilostat.ilo.org/). For the specific sources by country and the estimation methodology refer to ILOSTAT directly.",37.8
2006,,M,,"Source = ILO modelled estimates, November 2021, available in ILOSTAT (https://ilostat.ilo.org/). For the specific sources by country and the estimation methodology refer to ILOSTAT directly.",Employed population below international poverty line [1.1.1],,15 years old and over,,,Modeled,,"Source = ILO modelled estimates, November 2021, available in ILOSTAT (https://ilostat.ilo.org/). For the specific sources by country and the estimation methodology refer to ILOSTAT directly.",37.3
2007,,M,,"Source = ILO modelled estimates, November 2021, available in ILOSTAT (https://ilostat.ilo.org/). For the specific sources by country and the estimation methodology refer to ILOSTAT directly.",Employed population below international poverty line [1.1.1],,15 years old and over,,,Modeled,,"Source = ILO modelled estimates, November 2021, available in ILOSTAT (https://ilostat.ilo.org/). For the specific sources by country and the estimation methodology refer to ILOSTAT directly.",36.7
2008,,M,,"Source = ILO modelled estimates, November 2021, available in ILOSTAT (https://ilostat.ilo.org/). For the specific sources by country and the estimation methodology refer to ILOSTAT directly.",Employed population below international poverty line [1.1.1],,15 years old and over,,,Modeled,,"Source = ILO modelled estimates, November 2021, available in ILOSTAT (https://ilostat.ilo.org/). For the specific sources by country and the estimation methodology refer to ILOSTAT directly.",36.2
2009,,M,,"Source = ILO modelled estimates, November 2021, available in ILOSTAT (https://ilostat.ilo.org/). For the specific sources by country and the estimation methodology refer to ILOSTAT directly.",Employed population below international poverty line [1.1.1],,15 years old and over,,,Modeled,,"Source = ILO modelled estimates, November 2021, available in ILOSTAT (https://ilostat.ilo.org/). For the specific sources by country and the estimation methodology refer to ILOSTAT directly.",36.0
2010,,M,,"Source = ILO modelled estimates, November 2021, available in ILOSTAT (https://ilostat.ilo.org/). For the specific sources by country and the estimation methodology refer to ILOSTAT directly.",Employed population below international poverty line [1.1.1],,15 years old and over,,,Modeled,,"Source = ILO modelled estimates, November 2021, available in ILOSTAT (https://ilostat.ilo.org/). For the specific sources by country and the estimation methodology refer to ILOSTAT directly.",35.2
2011,,M,,"Source = ILO modelled estimates, November 2021, available in ILOSTAT (https://ilostat.ilo.org/). For the specific sources by country and the estimation methodology refer to ILOSTAT directly.",Employed population below international poverty line [1.1.1],,15 years old and over,,,Modeled,,"Source = ILO modelled estimates, November 2021, available in ILOSTAT (https://ilostat.ilo.org/). For the specific sources by country and the estimation methodology refer to ILOSTAT directly.",34.0
2012,,M,,"Source = ILO modelled estimates, November 2021, available in ILOSTAT (https://ilostat.ilo.org/). For the specific sources by country and the estimation methodology refer to ILOSTAT directly.",Employed population below international poverty line [1.1.1],,15 years old and over,,,Modeled,,"Source = ILO modelled estimates, November 2021, available in ILOSTAT (https://ilostat.ilo.org/). For the specific sources by country and the estimation methodology refer to ILOSTAT directly.",33.5
2013,,M,,"Source = ILO modelled estimates, November 2021, available in ILOSTAT (https://ilostat.ilo.org/). For the specific sources by country and the estimation methodology refer to ILOSTAT directly.",Employed population below international poverty line [1.1.1],,15 years old and over,,,Modeled,,"Source = ILO modelled estimates, November 2021, available in ILOSTAT (https://ilostat.ilo.org/). For the specific sources by country and the estimation methodology refer to ILOSTAT directly.",32.4
2014,,M,,"Source = ILO modelled estimates, November 2021, available in ILOSTAT (https://ilostat.ilo.org/). For the specific sources by country and the estimation methodology refer to ILOSTAT directly.",Employed population below international poverty line [1.1.1],,15 years old and over,,,Modeled,,"Source = ILO modelled estimates, November 2021, available in ILOSTAT (https://ilostat.ilo.org/). For the specific sources by country and the estimation methodology refer to ILOSTAT directly.",31.4
2015,,M,,"Source = ILO modelled estimates, November 2021, available in ILOSTAT (https://ilostat.ilo.org/). For the specific sources by country and the estimation methodology refer to ILOSTAT directly.",Employed population below international poverty line [1.1.1],,15 years old and over,,,Modeled,,"Source = ILO modelled estimates, November 2021, available in ILOSTAT (https://ilostat.ilo.org/). For the specific sources by country and the estimation methodology refer to ILOSTAT directly.",30.3
2016,,M,,"Source = ILO modelled estimates, November 2021, available in ILOSTAT (https://ilostat.ilo.org/). For the specific sources by country and the estimation methodology refer to ILOSTAT directly.",Employed population below international poverty line [1.1.1],,15 years old and over,,,Modeled,,"Source = ILO modelled estimates, November 2021, available in ILOSTAT (https://ilostat.ilo.org/). For the specific sources by country and the estimation methodology refer to ILOSTAT directly.",28.1
2017,,M,,"Source = ILO modelled estimates, November 2021, available in ILOSTAT (https://ilostat.ilo.org/). For the specific sources by country and the estimation methodology refer to ILOSTAT directly.",Employed population below international poverty line [1.1.1],,15 years old and over,,,Modeled,,"Source = ILO modelled estimates, November 2021, available in ILOSTAT (https://ilostat.ilo.org/). For the specific sources by country and the estimation methodology refer to ILOSTAT directly.",24.1
2018,,M,,"Source = ILO modelled estimates, November 2021, available in ILOSTAT (https://ilostat.ilo.org/). For the specific sources by country and the estimation methodology refer to ILOSTAT directly.",Employed population below international poverty line [1.1.1],,15 years old and over,,,Modeled,,"Source = ILO modelled estimates, November 2021, available in ILOSTAT (https://ilostat.ilo.org/). For the specific sources by country and the estimation methodology refer to ILOSTAT directly.",21.9
2019,,M,,"Source = ILO modelled estimates, November 2021, available in ILOSTAT (https://ilostat.ilo.org/). For the specific sources by country and the estimation methodology refer to ILOSTAT directly.",Employed population below international poverty line [1.1.1],,15 years old and over,,,Modeled,,"Source = ILO modelled estimates, November 2021, available in ILOSTAT (https://ilostat.ilo.org/). For the specific sources by country and the estimation methodology refer to ILOSTAT directly.",19.4
2020,,M,,"Source = ILO modelled estimates, November 2021, available in ILOSTAT (https://ilostat.ilo.org/). For the specific sources by country and the estimation methodology refer to ILOSTAT directly.",Employed population below international poverty line [1.1.1],,15 years old and over,,,Modeled,,"Source = ILO modelled estimates, November 2021, available in ILOSTAT (https://ilostat.ilo.org/). For the specific sources by country and the estimation methodology refer to ILOSTAT directly.",18.9
2021,,M,,"Source = ILO modelled estimates, November 2021, available in ILOSTAT (https://ilostat.ilo.org/). For the specific sources by country and the estimation methodology refer to ILOSTAT directly.",Employed population below international poverty line [1.1.1],,15 years old and over,,,Modeled,,"Source = ILO modelled estimates, November 2021, available in ILOSTAT (https://ilostat.ilo.org/). For the specific sources by country and the estimation methodology refer to ILOSTAT directly.",18.4
2000,,M,,"Source = ILO modelled estimates, November 2021, available in ILOSTAT (https://ilostat.ilo.org/). For the specific sources by country and the estimation methodology refer to ILOSTAT directly.",Employed population below international poverty line [1.1.1],,25 years old and over,,,Modeled,,"Source = ILO modelled estimates, November 2021, available in ILOSTAT (https://ilostat.ilo.org/). For the specific sources by country and the estimation methodology refer to ILOSTAT directly.",53.7
2001,,M,,"Source = ILO modelled estimates, November 2021, available in ILOSTAT (https://ilostat.ilo.org/). For the specific sources by country and the estimation methodology refer to ILOSTAT directly.",Employed population below international poverty line [1.1.1],,25 years old and over,,,Modeled,,"Source = ILO modelled estimates, November 2021, available in ILOSTAT (https://ilostat.ilo.org/). For the specific sources by country and the estimation methodology refer to ILOSTAT directly.",46.4
2002,,M,,"Source = ILO modelled estimates, November 2021, available in ILOSTAT (https://ilostat.ilo.org/). For the specific sources by country and the estimation methodology refer to ILOSTAT directly.",Employed population below international poverty line [1.1.1],,25 years old and over,,,Modeled,,"Source = ILO modelled estimates, November 2021, available in ILOSTAT (https://ilostat.ilo.org/). For the specific sources by country and the estimation methodology refer to ILOSTAT directly.",48.3
2003,,M,,"Source = ILO modelled estimates, November 2021, available in ILOSTAT (https://ilostat.ilo.org/). For the specific sources by country and the estimation methodology refer to ILOSTAT directly.",Employed population below international poverty line [1.1.1],,25 years old and over,,,Modeled,,"Source = ILO modelled estimates, November 2021, available in ILOSTAT (https://ilostat.ilo.org/). For the specific sources by country and the estimation methodology refer to ILOSTAT directly.",55.5
2004,,M,,"Source = ILO modelled estimates, November 2021, available in ILOSTAT (https://ilostat.ilo.org/). For the specific sources by country and the estimation methodology refer to ILOSTAT directly.",Employed population below international poverty line [1.1.1],,25 years old and over,,,Modeled,,"Source = ILO modelled estimates, November 2021, available in ILOSTAT (https://ilostat.ilo.org/). For the specific sources by country and the estimation methodology refer to ILOSTAT directly.",42.0
2005,,M,,"Source = ILO modelled estimates, November 2021, available in ILOSTAT (https://ilostat.ilo.org/). For the specific sources by country and the estimation methodology refer to ILOSTAT directly.",Employed population below international poverty line [1.1.1],,25 years old and over,,,Modeled,,"Source = ILO modelled estimates, November 2021, available in ILOSTAT (https://ilostat.ilo.org/). For the specific sources by country and the estimation methodology refer to ILOSTAT directly.",37.1
2006,,M,,"Source = ILO modelled estimates, November 2021, available in ILOSTAT (https://ilostat.ilo.org/). For the specific sources by country and the estimation methodology refer to ILOSTAT directly.",Employed population below international poverty line [1.1.1],,25 years old and over,,,Modeled,,"Source = ILO modelled estimates, November 2021, available in ILOSTAT (https://ilostat.ilo.org/). For the specific sources by country and the estimation methodology refer to ILOSTAT directly.",36.6
2007,,M,,"Source = ILO modelled estimates, November 2021, available in ILOSTAT (https://ilostat.ilo.org/). For the specific sources by country and the estimation methodology refer to ILOSTAT directly.",Employed population below international poverty line [1.1.1],,25 years old and over,,,Modeled,,"Source = ILO modelled estimates, November 2021, available in ILOSTAT (https://ilostat.ilo.org/). For the specific sources by country and the estimation methodology refer to ILOSTAT directly.",36.0
2008,,M,,"Source = ILO modelled estimates, November 2021, available in ILOSTAT (https://ilostat.ilo.org/). For the specific sources by country and the estimation methodology refer to ILOSTAT directly.",Employed population below international poverty line [1.1.1],,25 years old and over,,,Modeled,,"Source = ILO modelled estimates, November 2021, available in ILOSTAT (https://ilostat.ilo.org/). For the specific sources by country and the estimation methodology refer to ILOSTAT directly.",35.5
2009,,M,,"Source = ILO modelled estimates, November 2021, available in ILOSTAT (https://ilostat.ilo.org/). For the specific sources by country and the estimation methodology refer to ILOSTAT directly.",Employed population below international poverty line [1.1.1],,25 years old and over,,,Modeled,,"Source = ILO modelled estimates, November 2021, available in ILOSTAT (https://ilostat.ilo.org/). For the specific sources by country and the estimation methodology refer to ILOSTAT directly.",35.3
2010,,M,,"Source = ILO modelled estimates, November 2021, available in ILOSTAT (https://ilostat.ilo.org/). For the specific sources by country and the estimation methodology refer to ILOSTAT directly.",Employed population below international poverty line [1.1.1],,25 years old and over,,,Modeled,,"Source = ILO modelled estimates, November 2021, available in ILOSTAT (https://ilostat.ilo.org/). For the specific sources by country and the estimation methodology refer to ILOSTAT directly.",34.4
2011,,M,,"Source = ILO modelled estimates, November 2021, available in ILOSTAT (https://ilostat.ilo.org/). For the specific sources by country and the estimation methodology refer to ILOSTAT directly.",Employed population below international poverty line [1.1.1],,25 years old and over,,,Modeled,,"Source = ILO modelled estimates, November 2021, available in ILOSTAT (https://ilostat.ilo.org/). For the specific sources by country and the estimation methodology refer to ILOSTAT directly.",33.1
2012,,M,,"Source = ILO modelled estimates, November 2021, available in ILOSTAT (https://ilostat.ilo.org/). For the specific sources by country and the estimation methodology refer to ILOSTAT directly.",Employed population below international poverty line [1.1.1],,25 years old and over,,,Modeled,,"Source = ILO modelled estimates, November 2021, available in ILOSTAT (https://ilostat.ilo.org/). For the specific sources by country and the estimation methodology refer to ILOSTAT directly.",32.6
2013,,M,,"Source = ILO modelled estimates, November 2021, available in ILOSTAT (https://ilostat.ilo.org/). For the specific sources by country and the estimation methodology refer to ILOSTAT directly.",Employed population below international poverty line [1.1.1],,25 years old and over,,,Modeled,,"Source = ILO modelled estimates, November 2021, available in ILOSTAT (https://ilostat.ilo.org/). For the specific sources by country and the estimation methodology refer to ILOSTAT directly.",31.5
2014,,M,,"Source = ILO modelled estimates, November 2021, available in ILOSTAT (https://ilostat.ilo.org/). For the specific sources by country and the estimation methodology refer to ILOSTAT directly.",Employed population below international poverty line [1.1.1],,25 years old and over,,,Modeled,,"Source = ILO modelled estimates, November 2021, available in ILOSTAT (https://ilostat.ilo.org/). For the specific sources by country and the estimation methodology refer to ILOSTAT directly.",30.5
2015,,M,,"Source = ILO modelled estimates, November 2021, available in ILOSTAT (https://ilostat.ilo.org/). For the specific sources by country and the estimation methodology refer to ILOSTAT directly.",Employed population below international poverty line [1.1.1],,25 years old and over,,,Modeled,,"Source = ILO modelled estimates, November 2021, available in ILOSTAT (https://ilostat.ilo.org/). For the specific sources by country and the estimation methodology refer to ILOSTAT directly.",29.3
2016,,M,,"Source = ILO modelled estimates, November 2021, available in ILOSTAT (https://ilostat.ilo.org/). For the specific sources by country and the estimation methodology refer to ILOSTAT directly.",Employed population below international poverty line [1.1.1],,25 years old and over,,,Modeled,,"Source = ILO modelled estimates, November 2021, available in ILOSTAT (https://ilostat.ilo.org/). For the specific sources by country and the estimation methodology refer to ILOSTAT directly.",27.0
2017,,M,,"Source = ILO modelled estimates, November 2021, available in ILOSTAT (https://ilostat.ilo.org/). For the specific sources by country and the estimation methodology refer to ILOSTAT directly.",Employed population below international poverty line [1.1.1],,25 years old and over,,,Modeled,,"Source = ILO modelled estimates, November 2021, available in ILOSTAT (https://ilostat.ilo.org/). For the specific sources by country and the estimation methodology refer to ILOSTAT directly.",23.1
2018,,M,,"Source = ILO modelled estimates, November 2021, available in ILOSTAT (https://ilostat.ilo.org/). For the specific sources by country and the estimation methodology refer to ILOSTAT directly.",Employed population below international poverty line [1.1.1],,25 years old and over,,,Modeled,,"Source = ILO modelled estimates, November 2021, available in ILOSTAT (https://ilostat.ilo.org/). For the specific sources by country and the estimation methodology refer to ILOSTAT directly.",20.9
2019,,M,,"Source = ILO modelled estimates, November 2021, available in ILOSTAT (https://ilostat.ilo.org/). For the specific sources by country and the estimation methodology refer to ILOSTAT directly.",Employed population below international poverty line [1.1.1],,25 years old and over,,,Modeled,,"Source = ILO modelled estimates, November 2021, available in ILOSTAT (https://ilostat.ilo.org/). For the specific sources by country and the estimation methodology refer to ILOSTAT directly.",18.4
2000,,M,,"Source = ILO modelled estimates, November 2021, available in ILOSTAT (https://ilostat.ilo.org/). For the specific sources by country and the estimation methodology refer to ILOSTAT directly.",Employed population below international poverty line [1.1.1],,15 to 24 years old,,,Modeled,,"Source = ILO modelled estimates, November 2021, available in ILOSTAT (https://ilostat.ilo.org/). For the specific sources by country and the estimation methodology refer to ILOSTAT directly.",55.4
2001,,M,,"Source = ILO modelled estimates, November 2021, available in ILOSTAT (https://ilostat.ilo.org/). For the specific sources by country and the estimation methodology refer to ILOSTAT directly.",Employed population below international poverty line [1.1.1],,15 to 24 years old,,,Modeled,,"Source = ILO modelled estimates, November 2021, available in ILOSTAT (https://ilostat.ilo.org/). For the specific sources by country and the estimation methodology refer to ILOSTAT directly.",48.3
2002,,M,,"Source = ILO modelled estimates, November 2021, available in ILOSTAT (https://ilostat.ilo.org/). For the specific sources by country and the estimation methodology refer to ILOSTAT directly.",Employed population below international poverty line [1.1.1],,15 to 24 years old,,,Modeled,,"Source = ILO modelled estimates, November 2021, available in ILOSTAT (https://ilostat.ilo.org/). For the specific sources by country and the estimation methodology refer to ILOSTAT directly.",50.0
2003,,M,,"Source = ILO modelled estimates, November 2021, available in ILOSTAT (https://ilostat.ilo.org/). For the specific sources by country and the estimation methodology refer to ILOSTAT directly.",Employed population below international poverty line [1.1.1],,15 to 24 years old,,,Modeled,,"Source = ILO modelled estimates, November 2021, available in ILOSTAT (https://ilostat.ilo.org/). For the specific sources by country and the estimation methodology refer to ILOSTAT directly.",57.0
2004,,M,,"Source = ILO modelled estimates, November 2021, available in ILOSTAT (https://ilostat.ilo.org/). For the specific sources by country and the estimation methodology refer to ILOSTAT directly.",Employed population below international poverty line [1.1.1],,15 to 24 years old,,,Modeled,,"Source = ILO modelled estimates, November 2021, available in ILOSTAT (https://ilostat.ilo.org/). For the specific sources by country and the estimation methodology refer to ILOSTAT directly.",43.8
2005,,M,,"Source = ILO modelled estimates, November 2021, available in ILOSTAT (https://ilostat.ilo.org/). For the specific sources by country and the estimation methodology refer to ILOSTAT directly.",Employed population below international poverty line [1.1.1],,15 to 24 years old,,,Modeled,,"Source = ILO modelled estimates, November 2021, available in ILOSTAT (https://ilostat.ilo.org/). For the specific sources by country and the estimation methodology refer to ILOSTAT directly.",39.1
2006,,M,,"Source = ILO modelled estimates, November 2021, available in ILOSTAT (https://ilostat.ilo.org/). For the specific sources by country and the estimation methodology refer to ILOSTAT directly.",Employed population below international poverty line [1.1.1],,15 to 24 years old,,,Modeled,,"Source = ILO modelled estimates, November 2021, available in ILOSTAT (https://ilostat.ilo.org/). For the specific sources by country and the estimation methodology refer to ILOSTAT directly.",38.7
2007,,M,,"Source = ILO modelled estimates, November 2021, available in ILOSTAT (https://ilostat.ilo.org/). For the specific sources by country and the estimation methodology refer to ILOSTAT directly.",Employed population below international poverty line [1.1.1],,15 to 24 years old,,,Modeled,,"Source = ILO modelled estimates, November 2021, available in ILOSTAT (https://ilostat.ilo.org/). For the specific sources by country and the estimation methodology refer to ILOSTAT directly.",38.1
2008,,M,,"Source = ILO modelled estimates, November 2021, available in ILOSTAT (https://ilostat.ilo.org/). For the specific sources by country and the estimation methodology refer to ILOSTAT directly.",Employed population below international poverty line [1.1.1],,15 to 24 years old,,,Modeled,,"Source = ILO modelled estimates, November 2021, available in ILOSTAT (https://ilostat.ilo.org/). For the specific sources by country and the estimation methodology refer to ILOSTAT directly.",37.7
2009,,M,,"Source = ILO modelled estimates, November 2021, available in ILOSTAT (https://ilostat.ilo.org/). For the specific sources by country and the estimation methodology refer to ILOSTAT directly.",Employed population below international poverty line [1.1.1],,15 to 24 years old,,,Modeled,,"Source = ILO modelled estimates, November 2021, available in ILOSTAT (https://ilostat.ilo.org/). For the specific sources by country and the estimation methodology refer to ILOSTAT directly.",37.6
2010,,M,,"Source = ILO modelled estimates, November 2021, available in ILOSTAT (https://ilostat.ilo.org/). For the specific sources by country and the estimation methodology refer to ILOSTAT directly.",Employed population below international poverty line [1.1.1],,15 to 24 years old,,,Modeled,,"Source = ILO modelled estimates, November 2021, available in ILOSTAT (https://ilostat.ilo.org/). For the specific sources by country and the estimation methodology refer to ILOSTAT directly.",36.8
2011,,M,,"Source = ILO modelled estimates, November 2021, available in ILOSTAT (https://ilostat.ilo.org/). For the specific sources by country and the estimation methodology refer to ILOSTAT directly.",Employed population below international poverty line [1.1.1],,15 to 24 years old,,,Modeled,,"Source = ILO modelled estimates, November 2021, available in ILOSTAT (https://ilostat.ilo.org/). For the specific sources by country and the estimation methodology refer to ILOSTAT directly.",35.6
2012,,M,,"Source = ILO modelled estimates, November 2021, available in ILOSTAT (https://ilostat.ilo.org/). For the specific sources by country and the estimation methodology refer to ILOSTAT directly.",Employed population below international poverty line [1.1.1],,15 to 24 years old,,,Modeled,,"Source = ILO modelled estimates, November 2021, available in ILOSTAT (https://ilostat.ilo.org/). For the specific sources by country and the estimation methodology refer to ILOSTAT directly.",35.1
2013,,M,,"Source = ILO modelled estimates, November 2021, available in ILOSTAT (https://ilostat.ilo.org/). For the specific sources by country and the estimation methodology refer to ILOSTAT directly.",Employed population below international poverty line [1.1.1],,15 to 24 years old,,,Modeled,,"Source = ILO modelled estimates, November 2021, available in ILOSTAT (https://ilostat.ilo.org/). For the specific sources by country and the estimation methodology refer to ILOSTAT directly.",34.1
2014,,M,,"Source = ILO modelled estimates, November 2021, available in ILOSTAT (https://ilostat.ilo.org/). For the specific sources by country and the estimation methodology refer to ILOSTAT directly.",Employed population below international poverty line [1.1.1],,15 to 24 years old,,,Modeled,,"Source = ILO modelled estimates, November 2021, available in ILOSTAT (https://ilostat.ilo.org/). For the specific sources by country and the estimation methodology refer to ILOSTAT directly.",33.3
2015,,M,,"Source = ILO modelled estimates, November 2021, available in ILOSTAT (https://ilostat.ilo.org/). For the specific sources by country and the estimation methodology refer to ILOSTAT directly.",Employed population below international poverty line [1.1.1],,15 to 24 years old,,,Modeled,,"Source = ILO modelled estimates, November 2021, available in ILOSTAT (https://ilostat.ilo.org/). For the specific sources by country and the estimation methodology refer to ILOSTAT directly.",32.4
2016,,M,,"Source = ILO modelled estimates, November 2021, available in ILOSTAT (https://ilostat.ilo.org/). For the specific sources by country and the estimation methodology refer to ILOSTAT directly.",Employed population below international poverty line [1.1.1],,15 to 24 years old,,,Modeled,,"Source = ILO modelled estimates, November 2021, available in ILOSTAT (https://ilostat.ilo.org/). For the specific sources by country and the estimation methodology refer to ILOSTAT directly.",30.3
2017,,M,,"Source = ILO modelled estimates, November 2021, available in ILOSTAT (https://ilostat.ilo.org/). For the specific sources by country and the estimation methodology refer to ILOSTAT directly.",Employed population below international poverty line [1.1.1],,15 to 24 years old,,,Modeled,,"Source = ILO modelled estimates, November 2021, available in ILOSTAT (https://ilostat.ilo.org/). For the specific sources by country and the estimation methodology refer to ILOSTAT directly.",26.3
2018,,M,,"Source = ILO modelled estimates, November 2021, available in ILOSTAT (https://ilostat.ilo.org/). For the specific sources by country and the estimation methodology refer to ILOSTAT directly.",Employed population below international poverty line [1.1.1],,15 to 24 years old,,,Modeled,,"Source = ILO modelled estimates, November 2021, available in ILOSTAT (https://ilostat.ilo.org/). For the specific sources by country and the estimation methodology refer to ILOSTAT directly.",24.1
2019,,M,,"Source = ILO modelled estimates, November 2021, available in ILOSTAT (https://ilostat.ilo.org/). For the specific sources by country and the estimation methodology refer to ILOSTAT directly.",Employed population below international poverty line [1.1.1],,15 to 24 years old,,,Modeled,,"Source = ILO modelled estimates, November 2021, available in ILOSTAT (https://ilostat.ilo.org/). For the specific sources by country and the estimation methodology refer to ILOSTAT directly.",21.6
2000,,M,,"Source = ILO modelled estimates, November 2021, available in ILOSTAT (https://ilostat.ilo.org/). For the specific sources by country and the estimation methodology refer to ILOSTAT directly.",Employed population below international poverty line [1.1.1],Female,15 years old and over,,,Modeled,,"Source = ILO modelled estimates, November 2021, available in ILOSTAT (https://ilostat.ilo.org/). For the specific sources by country and the estimation methodology refer to ILOSTAT directly.",55.1
2001,,M,,"Source = ILO modelled estimates, November 2021, available in ILOSTAT (https://ilostat.ilo.org/). For the specific sources by country and the estimation methodology refer to ILOSTAT directly.",Employed population below international poverty line [1.1.1],Female,15 years old and over,,,Modeled,,"Source = ILO modelled estimates, November 2021, available in ILOSTAT (https://ilostat.ilo.org/). For the specific sources by country and the estimation methodology refer to ILOSTAT directly.",48.1
2002,,M,,"Source = ILO modelled estimates, November 2021, available in ILOSTAT (https://ilostat.ilo.org/). For the specific sources by country and the estimation methodology refer to ILOSTAT directly.",Employed population below international poverty line [1.1.1],Female,15 years old and over,,,Modeled,,"Source = ILO modelled estimates, November 2021, available in ILOSTAT (https://ilostat.ilo.org/). For the specific sources by country and the estimation methodology refer to ILOSTAT directly.",49.8
2003,,M,,"Source = ILO modelled estimates, November 2021, available in ILOSTAT (https://ilostat.ilo.org/). For the specific sources by country and the estimation methodology refer to ILOSTAT directly.",Employed population below international poverty line [1.1.1],Female,15 years old and over,,,Modeled,,"Source = ILO modelled estimates, November 2021, available in ILOSTAT (https://ilostat.ilo.org/). For the specific sources by country and the estimation methodology refer to ILOSTAT directly.",56.7
2004,,M,,"Source = ILO modelled estimates, November 2021, available in ILOSTAT (https://ilostat.ilo.org/). For the specific sources by country and the estimation methodology refer to ILOSTAT directly.",Employed population below international poverty line [1.1.1],Female,15 years old and over,,,Modeled,,"Source = ILO modelled estimates, November 2021, available in ILOSTAT (https://ilostat.ilo.org/). For the specific sources by country and the estimation methodology refer to ILOSTAT directly.",43.4
2005,,M,,"Source = ILO modelled estimates, November 2021, available in ILOSTAT (https://ilostat.ilo.org/). For the specific sources by country and the estimation methodology refer to ILOSTAT directly.",Employed population below international poverty line [1.1.1],Female,15 years old and over,,,Modeled,,"Source = ILO modelled estimates, November 2021, available in ILOSTAT (https://ilostat.ilo.org/). For the specific sources by country and the estimation methodology refer to ILOSTAT directly.",38.6
2006,,M,,"Source = ILO modelled estimates, November 2021, available in ILOSTAT (https://ilostat.ilo.org/). For the specific sources by country and the estimation methodology refer to ILOSTAT directly.",Employed population below international poverty line [1.1.1],Female,15 years old and over,,,Modeled,,"Source = ILO modelled estimates, November 2021, available in ILOSTAT (https://ilostat.ilo.org/). For the specific sources by country and the estimation methodology refer to ILOSTAT directly.",38.1
2007,,M,,"Source = ILO modelled estimates, November 2021, available in ILOSTAT (https://ilostat.ilo.org/). For the specific sources by country and the estimation methodology refer to ILOSTAT directly.",Employed population below international poverty line [1.1.1],Female,15 years old and over,,,Modeled,,"Source = ILO modelled estimates, November 2021, available in ILOSTAT (https://ilostat.ilo.org/). For the specific sources by country and the estimation methodology refer to ILOSTAT directly.",37.5
2008,,M,,"Source = ILO modelled estimates, November 2021, available in ILOSTAT (https://ilostat.ilo.org/). For the specific sources by country and the estimation methodology refer to ILOSTAT directly.",Employed population below international poverty line [1.1.1],Female,15 years old and over,,,Modeled,,"Source = ILO modelled estimates, November 2021, available in ILOSTAT (https://ilostat.ilo.org/). For the specific sources by country and the estimation methodology refer to ILOSTAT directly.",37.0
2009,,M,,"Source = ILO modelled estimates, November 2021, available in ILOSTAT (https://ilostat.ilo.org/). For the specific sources by country and the estimation methodology refer to ILOSTAT directly.",Employed population below international poverty line [1.1.1],Female,15 years old and over,,,Modeled,,"Source = ILO modelled estimates, November 2021, available in ILOSTAT (https://ilostat.ilo.org/). For the specific sources by country and the estimation methodology refer to ILOSTAT directly.",36.8
2010,,M,,"Source = ILO modelled estimates, November 2021, available in ILOSTAT (https://ilostat.ilo.org/). For the specific sources by country and the estimation methodology refer to ILOSTAT directly.",Employed population below international poverty line [1.1.1],Female,15 years old and over,,,Modeled,,"Source = ILO modelled estimates, November 2021, available in ILOSTAT (https://ilostat.ilo.org/). For the specific sources by country and the estimation methodology refer to ILOSTAT directly.",36.0
2011,,M,,"Source = ILO modelled estimates, November 2021, available in ILOSTAT (https://ilostat.ilo.org/). For the specific sources by country and the estimation methodology refer to ILOSTAT directly.",Employed population below international poverty line [1.1.1],Female,15 years old and over,,,Modeled,,"Source = ILO modelled estimates, November 2021, available in ILOSTAT (https://ilostat.ilo.org/). For the specific sources by country and the estimation methodology refer to ILOSTAT directly.",34.7
2012,,M,,"Source = ILO modelled estimates, November 2021, available in ILOSTAT (https://ilostat.ilo.org/). For the specific sources by country and the estimation methodology refer to ILOSTAT directly.",Employed population below international poverty line [1.1.1],Female,15 years old and over,,,Modeled,,"Source = ILO modelled estimates, November 2021, available in ILOSTAT (https://ilostat.ilo.org/). For the specific sources by country and the estimation methodology refer to ILOSTAT directly.",34.2
2013,,M,,"Source = ILO modelled estimates, November 2021, available in ILOSTAT (https://ilostat.ilo.org/). For the specific sources by country and the estimation methodology refer to ILOSTAT directly.",Employed population below international poverty line [1.1.1],Female,15 years old and over,,,Modeled,,"Source = ILO modelled estimates, November 2021, available in ILOSTAT (https://ilostat.ilo.org/). For the specific sources by country and the estimation methodology refer to ILOSTAT directly.",33.2
2014,,M,,"Source = ILO modelled estimates, November 2021, available in ILOSTAT (https://ilostat.ilo.org/). For the specific sources by country and the estimation methodology refer to ILOSTAT directly.",Employed population below international poverty line [1.1.1],Female,15 years old and over,,,Modeled,,"Source = ILO modelled estimates, November 2021, available in ILOSTAT (https://ilostat.ilo.org/). For the specific sources by country and the estimation methodology refer to ILOSTAT directly.",32.2
2015,,M,,"Source = ILO modelled estimates, November 2021, available in ILOSTAT (https://ilostat.ilo.org/). For the specific sources by country and the estimation methodology refer to ILOSTAT directly.",Employed population below international poverty line [1.1.1],Female,15 years old and over,,,Modeled,,"Source = ILO modelled estimates, November 2021, available in ILOSTAT (https://ilostat.ilo.org/). For the specific sources by country and the estimation methodology refer to ILOSTAT directly.",31.0
2016,,M,,"Source = ILO modelled estimates, November 2021, available in ILOSTAT (https://ilostat.ilo.org/). For the specific sources by country and the estimation methodology refer to ILOSTAT directly.",Employed population below international poverty line [1.1.1],Female,15 years old and over,,,Modeled,,"Source = ILO modelled estimates, November 2021, available in ILOSTAT (https://ilostat.ilo.org/). For the specific sources by country and the estimation methodology refer to ILOSTAT directly.",28.7
2017,,M,,"Source = ILO modelled estimates, November 2021, available in ILOSTAT (https://ilostat.ilo.org/). For the specific sources by country and the estimation methodology refer to ILOSTAT directly.",Employed population below international poverty line [1.1.1],Female,15 years old and over,,,Modeled,,"Source = ILO modelled estimates, November 2021, available in ILOSTAT (https://ilostat.ilo.org/). For the specific sources by country and the estimation methodology refer to ILOSTAT directly.",24.6
2018,,M,,"Source = ILO modelled estimates, November 2021, available in ILOSTAT (https://ilostat.ilo.org/). For the specific sources by country and the estimation methodology refer to ILOSTAT directly.",Employed population below international poverty line [1.1.1],Female,15 years old and over,,,Modeled,,"Source = ILO modelled estimates, November 2021, available in ILOSTAT (https://ilostat.ilo.org/). For the specific sources by country and the estimation methodology refer to ILOSTAT directly.",22.3
2019,,M,,"Source = ILO modelled estimates, November 2021, available in ILOSTAT (https://ilostat.ilo.org/). For the specific sources by country and the estimation methodology refer to ILOSTAT directly.",Employed population below international poverty line [1.1.1],Female,15 years old and over,,,Modeled,,"Source = ILO modelled estimates, November 2021, available in ILOSTAT (https://ilostat.ilo.org/). For the specific sources by country and the estimation methodology refer to ILOSTAT directly.",19.7
2000,,M,,"Source = ILO modelled estimates, November 2021, available in ILOSTAT (https://ilostat.ilo.org/). For the specific sources by country and the estimation methodology refer to ILOSTAT directly.",Employed population below international poverty line [1.1.1],Female,25 years old and over,,,Modeled,,"Source = ILO modelled estimates, November 2021, available in ILOSTAT (https://ilostat.ilo.org/). For the specific sources by country and the estimation methodology refer to ILOSTAT directly.",55.2
2001,,M,,"Source = ILO modelled estimates, November 2021, available in ILOSTAT (https://ilostat.ilo.org/). For the specific sources by country and the estimation methodology refer to ILOSTAT directly.",Employed population below international poverty line [1.1.1],Female,25 years old and over,,,Modeled,,"Source = ILO modelled estimates, November 2021, available in ILOSTAT (https://ilostat.ilo.org/). For the specific sources by country and the estimation methodology refer to ILOSTAT directly.",48.2
2002,,M,,"Source = ILO modelled estimates, November 2021, available in ILOSTAT (https://ilostat.ilo.org/). For the specific sources by country and the estimation methodology refer to ILOSTAT directly.",Employed population below international poverty line [1.1.1],Female,25 years old and over,,,Modeled,,"Source = ILO modelled estimates, November 2021, available in ILOSTAT (https://ilostat.ilo.org/). For the specific sources by country and the estimation methodology refer to ILOSTAT directly.",49.9
2003,,M,,"Source = ILO modelled estimates, November 2021, available in ILOSTAT (https://ilostat.ilo.org/). For the specific sources by country and the estimation methodology refer to ILOSTAT directly.",Employed population below international poverty line [1.1.1],Female,25 years old and over,,,Modeled,,"Source = ILO modelled estimates, November 2021, available in ILOSTAT (https://ilostat.ilo.org/). For the specific sources by country and the estimation methodology refer to ILOSTAT directly.",56.7
2004,,M,,"Source = ILO modelled estimates, November 2021, available in ILOSTAT (https://ilostat.ilo.org/). For the specific sources by country and the estimation methodology refer to ILOSTAT directly.",Employed population below international poverty line [1.1.1],Female,25 years old and over,,,Modeled,,"Source = ILO modelled estimates, November 2021, available in ILOSTAT (https://ilostat.ilo.org/). For the specific sources by country and the estimation methodology refer to ILOSTAT directly.",43.6
2005,,M,,"Source = ILO modelled estimates, November 2021, available in ILOSTAT (https://ilostat.ilo.org/). For the specific sources by country and the estimation methodology refer to ILOSTAT directly.",Employed population below international poverty line [1.1.1],Female,25 years old and over,,,Modeled,,"Source = ILO modelled estimates, November 2021, available in ILOSTAT (https://ilostat.ilo.org/). For the specific sources by country and the estimation methodology refer to ILOSTAT directly.",38.7
2006,,M,,"Source = ILO modelled estimates, November 2021, available in ILOSTAT (https://ilostat.ilo.org/). For the specific sources by country and the estimation methodology refer to ILOSTAT directly.",Employed population below international poverty line [1.1.1],Female,25 years old and over,,,Modeled,,"Source = ILO modelled estimates, November 2021, available in ILOSTAT (https://ilostat.ilo.org/). For the specific sources by country and the estimation methodology refer to ILOSTAT directly.",38.2
2007,,M,,"Source = ILO modelled estimates, November 2021, available in ILOSTAT (https://ilostat.ilo.org/). For the specific sources by country and the estimation methodology refer to ILOSTAT directly.",Employed population below international poverty line [1.1.1],Female,25 years old and over,,,Modeled,,"Source = ILO modelled estimates, November 2021, available in ILOSTAT (https://ilostat.ilo.org/). For the specific sources by country and the estimation methodology refer to ILOSTAT directly.",37.5
2008,,M,,"Source = ILO modelled estimates, November 2021, available in ILOSTAT (https://ilostat.ilo.org/). For the specific sources by country and the estimation methodology refer to ILOSTAT directly.",Employed population below international poverty line [1.1.1],Female,25 years old and over,,,Modeled,,"Source = ILO modelled estimates, November 2021, available in ILOSTAT (https://ilostat.ilo.org/). For the specific sources by country and the estimation methodology refer to ILOSTAT directly.",37.1
2009,,M,,"Source = ILO modelled estimates, November 2021, available in ILOSTAT (https://ilostat.ilo.org/). For the specific sources by country and the estimation methodology refer to ILOSTAT directly.",Employed population below international poverty line [1.1.1],Female,25 years old and over,,,Modeled,,"Source = ILO modelled estimates, November 2021, available in ILOSTAT (https://ilostat.ilo.org/). For the specific sources by country and the estimation methodology refer to ILOSTAT directly.",36.8
2010,,M,,"Source = ILO modelled estimates, November 2021, available in ILOSTAT (https://ilostat.ilo.org/). For the specific sources by country and the estimation methodology refer to ILOSTAT directly.",Employed population below international poverty line [1.1.1],Female,25 years old and over,,,Modeled,,"Source = ILO modelled estimates, November 2021, available in ILOSTAT (https://ilostat.ilo.org/). For the specific sources by country and the estimation methodology refer to ILOSTAT directly.",36.0
2011,,M,,"Source = ILO modelled estimates, November 2021, available in ILOSTAT (https://ilostat.ilo.org/). For the specific sources by country and the estimation methodology refer to ILOSTAT directly.",Employed population below international poverty line [1.1.1],Female,25 years old and over,,,Modeled,,"Source = ILO modelled estimates, November 2021, available in ILOSTAT (https://ilostat.ilo.org/). For the specific sources by country and the estimation methodology refer to ILOSTAT directly.",34.7
2012,,M,,"Source = ILO modelled estimates, November 2021, available in ILOSTAT (https://ilostat.ilo.org/). For the specific sources by country and the estimation methodology refer to ILOSTAT directly.",Employed population below international poverty line [1.1.1],Female,25 years old and over,,,Modeled,,"Source = ILO modelled estimates, November 2021, available in ILOSTAT (https://ilostat.ilo.org/). For the specific sources by country and the estimation methodology refer to ILOSTAT directly.",34.2
2013,,M,,"Source = ILO modelled estimates, November 2021, available in ILOSTAT (https://ilostat.ilo.org/). For the specific sources by country and the estimation methodology refer to ILOSTAT directly.",Employed population below international poverty line [1.1.1],Female,25 years old and over,,,Modeled,,"Source = ILO modelled estimates, November 2021, available in ILOSTAT (https://ilostat.ilo.org/). For the specific sources by country and the estimation methodology refer to ILOSTAT directly.",33.1
2014,,M,,"Source = ILO modelled estimates, November 2021, available in ILOSTAT (https://ilostat.ilo.org/). For the specific sources by country and the estimation methodology refer to ILOSTAT directly.",Employed population below international poverty line [1.1.1],Female,25 years old and over,,,Modeled,,"Source = ILO modelled estimates, November 2021, available in ILOSTAT (https://ilostat.ilo.org/). For the specific sources by country and the estimation methodology refer to ILOSTAT directly.",32.0
2015,,M,,"Source = ILO modelled estimates, November 2021, available in ILOSTAT (https://ilostat.ilo.org/). For the specific sources by country and the estimation methodology refer to ILOSTAT directly.",Employed population below international poverty line [1.1.1],Female,25 years old and over,,,Modeled,,"Source = ILO modelled estimates, November 2021, available in ILOSTAT (https://ilostat.ilo.org/). For the specific sources by country and the estimation methodology refer to ILOSTAT directly.",30.7
2016,,M,,"Source = ILO modelled estimates, November 2021, available in ILOSTAT (https://ilostat.ilo.org/). For the specific sources by country and the estimation methodology refer to ILOSTAT directly.",Employed population below international poverty line [1.1.1],Female,25 years old and over,,,Modeled,,"Source = ILO modelled estimates, November 2021, available in ILOSTAT (https://ilostat.ilo.org/). For the specific sources by country and the estimation methodology refer to ILOSTAT directly.",28.4
2017,,M,,"Source = ILO modelled estimates, November 2021, available in ILOSTAT (https://ilostat.ilo.org/). For the specific sources by country and the estimation methodology refer to ILOSTAT directly.",Employed population below international poverty line [1.1.1],Female,25 years old and over,,,Modeled,,"Source = ILO modelled estimates, November 2021, available in ILOSTAT (https://ilostat.ilo.org/). For the specific sources by country and the estimation methodology refer to ILOSTAT directly.",24.2
2018,,M,,"Source = ILO modelled estimates, November 2021, available in ILOSTAT (https://ilostat.ilo.org/). For the specific sources by country and the estimation methodology refer to ILOSTAT directly.",Employed population below international poverty line [1.1.1],Female,25 years old and over,,,Modeled,,"Source = ILO modelled estimates, November 2021, available in ILOSTAT (https://ilostat.ilo.org/). For the specific sources by country and the estimation methodology refer to ILOSTAT directly.",21.9
2019,,M,,"Source = ILO modelled estimates, November 2021, available in ILOSTAT (https://ilostat.ilo.org/). For the specific sources by country and the estimation methodology refer to ILOSTAT directly.",Employed population below international poverty line [1.1.1],Female,25 years old and over,,,Modeled,,"Source = ILO modelled estimates, November 2021, available in ILOSTAT (https://ilostat.ilo.org/). For the specific sources by country and the estimation methodology refer to ILOSTAT directly.",19.3
2000,,M,,"Source = ILO modelled estimates, November 2021, available in ILOSTAT (https://ilostat.ilo.org/). For the specific sources by country and the estimation methodology refer to ILOSTAT directly.",Employed population below international poverty line [1.1.1],Female,15 to 24 years old,,,Modeled,,"Source = ILO modelled estimates, November 2021, available in ILOSTAT (https://ilostat.ilo.org/). For the specific sources by country and the estimation methodology refer to ILOSTAT directly.",55.0
2001,,M,,"Source = ILO modelled estimates, November 2021, available in ILOSTAT (https://ilostat.ilo.org/). For the specific sources by country and the estimation methodology refer to ILOSTAT directly.",Employed population below international poverty line [1.1.1],Female,15 to 24 years old,,,Modeled,,"Source = ILO modelled estimates, November 2021, available in ILOSTAT (https://ilostat.ilo.org/). For the specific sources by country and the estimation methodology refer to ILOSTAT directly.",47.9
2002,,M,,"Source = ILO modelled estimates, November 2021, available in ILOSTAT (https://ilostat.ilo.org/). For the specific sources by country and the estimation methodology refer to ILOSTAT directly.",Employed population below international poverty line [1.1.1],Female,15 to 24 years old,,,Modeled,,"Source = ILO modelled estimates, November 2021, available in ILOSTAT (https://ilostat.ilo.org/). For the specific sources by country and the estimation methodology refer to ILOSTAT directly.",49.6
2003,,M,,"Source = ILO modelled estimates, November 2021, available in ILOSTAT (https://ilostat.ilo.org/). For the specific sources by country and the estimation methodology refer to ILOSTAT directly.",Employed population below international poverty line [1.1.1],Female,15 to 24 years old,,,Modeled,,"Source = ILO modelled estimates, November 2021, available in ILOSTAT (https://ilostat.ilo.org/). For the specific sources by country and the estimation methodology refer to ILOSTAT directly.",56.5
2004,,M,,"Source = ILO modelled estimates, November 2021, available in ILOSTAT (https://ilostat.ilo.org/). For the specific sources by country and the estimation methodology refer to ILOSTAT directly.",Employed population below international poverty line [1.1.1],Female,15 to 24 years old,,,Modeled,,"Source = ILO modelled estimates, November 2021, available in ILOSTAT (https://ilostat.ilo.org/). For the specific sources by country and the estimation methodology refer to ILOSTAT directly.",43.2
2005,,M,,"Source = ILO modelled estimates, November 2021, available in ILOSTAT (https://ilostat.ilo.org/). For the specific sources by country and the estimation methodology refer to ILOSTAT directly.",Employed population below international poverty line [1.1.1],Female,15 to 24 years old,,,Modeled,,"Source = ILO modelled estimates, November 2021, available in ILOSTAT (https://ilostat.ilo.org/). For the specific sources by country and the estimation methodology refer to ILOSTAT directly.",38.4
2006,,M,,"Source = ILO modelled estimates, November 2021, available in ILOSTAT (https://ilostat.ilo.org/). For the specific sources by country and the estimation methodology refer to ILOSTAT directly.",Employed population below international poverty line [1.1.1],Female,15 to 24 years old,,,Modeled,,"Source = ILO modelled estimates, November 2021, available in ILOSTAT (https://ilostat.ilo.org/). For the specific sources by country and the estimation methodology refer to ILOSTAT directly.",38.0
2007,,M,,"Source = ILO modelled estimates, November 2021, available in ILOSTAT (https://ilostat.ilo.org/). For the specific sources by country and the estimation methodology refer to ILOSTAT directly.",Employed population below international poverty line [1.1.1],Female,15 to 24 years old,,,Modeled,,"Source = ILO modelled estimates, November 2021, available in ILOSTAT (https://ilostat.ilo.org/). For the specific sources by country and the estimation methodology refer to ILOSTAT directly.",37.4
2008,,M,,"Source = ILO modelled estimates, November 2021, available in ILOSTAT (https://ilostat.ilo.org/). For the specific sources by country and the estimation methodology refer to ILOSTAT directly.",Employed population below international poverty line [1.1.1],Female,15 to 24 years old,,,Modeled,,"Source = ILO modelled estimates, November 2021, available in ILOSTAT (https://ilostat.ilo.org/). For the specific sources by country and the estimation methodology refer to ILOSTAT directly.",37.0
2009,,M,,"Source = ILO modelled estimates, November 2021, available in ILOSTAT (https://ilostat.ilo.org/). For the specific sources by country and the estimation methodology refer to ILOSTAT directly.",Employed population below international poverty line [1.1.1],Female,15 to 24 years old,,,Modeled,,"Source = ILO modelled estimates, November 2021, available in ILOSTAT (https://ilostat.ilo.org/). For the specific sources by country and the estimation methodology refer to ILOSTAT directly.",36.8
2010,,M,,"Source = ILO modelled estimates, November 2021, available in ILOSTAT (https://ilostat.ilo.org/). For the specific sources by country and the estimation methodology refer to ILOSTAT directly.",Employed population below international poverty line [1.1.1],Female,15 to 24 years old,,,Modeled,,"Source = ILO modelled estimates, November 2021, available in ILOSTAT (https://ilostat.ilo.org/). For the specific sources by country and the estimation methodology refer to ILOSTAT directly.",36.0
2011,,M,,"Source = ILO modelled estimates, November 2021, available in ILOSTAT (https://ilostat.ilo.org/). For the specific sources by country and the estimation methodology refer to ILOSTAT directly.",Employed population below international poverty line [1.1.1],Female,15 to 24 years old,,,Modeled,,"Source = ILO modelled estimates, November 2021, available in ILOSTAT (https://ilostat.ilo.org/). For the specific sources by country and the estimation methodology refer to ILOSTAT directly.",34.8
2012,,M,,"Source = ILO modelled estimates, November 2021, available in ILOSTAT (https://ilostat.ilo.org/). For the specific sources by country and the estimation methodology refer to ILOSTAT directly.",Employed population below international poverty line [1.1.1],Female,15 to 24 years old,,,Modeled,,"Source = ILO modelled estimates, November 2021, available in ILOSTAT (https://ilostat.ilo.org/). For the specific sources by country and the estimation methodology refer to ILOSTAT directly.",34.3
2013,,M,,"Source = ILO modelled estimates, November 2021, available in ILOSTAT (https://ilostat.ilo.org/). For the specific sources by country and the estimation methodology refer to ILOSTAT directly.",Employed population below international poverty line [1.1.1],Female,15 to 24 years old,,,Modeled,,"Source = ILO modelled estimates, November 2021, available in ILOSTAT (https://ilostat.ilo.org/). For the specific sources by country and the estimation methodology refer to ILOSTAT directly.",33.3
2014,,M,,"Source = ILO modelled estimates, November 2021, available in ILOSTAT (https://ilostat.ilo.org/). For the specific sources by country and the estimation methodology refer to ILOSTAT directly.",Employed population below international poverty line [1.1.1],Female,15 to 24 years old,,,Modeled,,"Source = ILO modelled estimates, November 2021, available in ILOSTAT (https://ilostat.ilo.org/). For the specific sources by country and the estimation methodology refer to ILOSTAT directly.",32.5
2015,,M,,"Source = ILO modelled estimates, November 2021, available in ILOSTAT (https://ilostat.ilo.org/). For the specific sources by country and the estimation methodology refer to ILOSTAT directly.",Employed population below international poverty line [1.1.1],Female,15 to 24 years old,,,Modeled,,"Source = ILO modelled estimates, November 2021, available in ILOSTAT (https://ilostat.ilo.org/). For the specific sources by country and the estimation methodology refer to ILOSTAT directly.",31.5
2016,,M,,"Source = ILO modelled estimates, November 2021, available in ILOSTAT (https://ilostat.ilo.org/). For the specific sources by country and the estimation methodology refer to ILOSTAT directly.",Employed population below international poverty line [1.1.1],Female,15 to 24 years old,,,Modeled,,"Source = ILO modelled estimates, November 2021, available in ILOSTAT (https://ilostat.ilo.org/). For the specific sources by country and the estimation methodology refer to ILOSTAT directly.",29.4
2017,,M,,"Source = ILO modelled estimates, November 2021, available in ILOSTAT (https://ilostat.ilo.org/). For the specific sources by country and the estimation methodology refer to ILOSTAT directly.",Employed population below international poverty line [1.1.1],Female,15 to 24 years old,,,Modeled,,"Source = ILO modelled estimates, November 2021, available in ILOSTAT (https://ilostat.ilo.org/). For the specific sources by country and the estimation methodology refer to ILOSTAT directly.",25.4
2018,,M,,"Source = ILO modelled estimates, November 2021, available in ILOSTAT (https://ilostat.ilo.org/). For the specific sources by country and the estimation methodology refer to ILOSTAT directly.",Employed population below international poverty line [1.1.1],Female,15 to 24 years old,,,Modeled,,"Source = ILO modelled estimates, November 2021, available in ILOSTAT (https://ilostat.ilo.org/). For the specific sources by country and the estimation methodology refer to ILOSTAT directly.",23.2
2019,,M,,"Source = ILO modelled estimates, November 2021, available in ILOSTAT (https://ilostat.ilo.org/). For the specific sources by country and the estimation methodology refer to ILOSTAT directly.",Employed population below international poverty line [1.1.1],Female,15 to 24 years old,,,Modeled,,"Source = ILO modelled estimates, November 2021, available in ILOSTAT (https://ilostat.ilo.org/). For the specific sources by country and the estimation methodology refer to ILOSTAT directly.",20.7
2000,,M,,"Source = ILO modelled estimates, November 2021, available in ILOSTAT (https://ilostat.ilo.org/). For the specific sources by country and the estimation methodology refer to ILOSTAT directly.",Employed population below international poverty line [1.1.1],Male,15 years old and over,,,Modeled,,"Source = ILO modelled estimates, November 2021, available in ILOSTAT (https://ilostat.ilo.org/). For the specific sources by country and the estimation methodology refer to ILOSTAT directly.",53.5
2001,,M,,"Source = ILO modelled estimates, November 2021, available in ILOSTAT (https://ilostat.ilo.org/). For the specific sources by country and the estimation methodology refer to ILOSTAT directly.",Employed population below international poverty line [1.1.1],Male,15 years old and over,,,Modeled,,"Source = ILO modelled estimates, November 2021, available in ILOSTAT (https://ilostat.ilo.org/). For the specific sources by country and the estimation methodology refer to ILOSTAT directly.",46.2
2002,,M,,"Source = ILO modelled estimates, November 2021, available in ILOSTAT (https://ilostat.ilo.org/). For the specific sources by country and the estimation methodology refer to ILOSTAT directly.",Employed population below international poverty line [1.1.1],Male,15 years old and over,,,Modeled,,"Source = ILO modelled estimates, November 2021, available in ILOSTAT (https://ilostat.ilo.org/). For the specific sources by country and the estimation methodology refer to ILOSTAT directly.",48.1
2003,,M,,"Source = ILO modelled estimates, November 2021, available in ILOSTAT (https://ilostat.ilo.org/). For the specific sources by country and the estimation methodology refer to ILOSTAT directly.",Employed population below international poverty line [1.1.1],Male,15 years old and over,,,Modeled,,"Source = ILO modelled estimates, November 2021, available in ILOSTAT (https://ilostat.ilo.org/). For the specific sources by country and the estimation methodology refer to ILOSTAT directly.",55.5
2004,,M,,"Source = ILO modelled estimates, November 2021, available in ILOSTAT (https://ilostat.ilo.org/). For the specific sources by country and the estimation methodology refer to ILOSTAT directly.",Employed population below international poverty line [1.1.1],Male,15 years old and over,,,Modeled,,"Source = ILO modelled estimates, November 2021, available in ILOSTAT (https://ilostat.ilo.org/). For the specific sources by country and the estimation methodology refer to ILOSTAT directly.",41.8
2005,,M,,"Source = ILO modelled estimates, November 2021, available in ILOSTAT (https://ilostat.ilo.org/). For the specific sources by country and the estimation methodology refer to ILOSTAT directly.",Employed population below international poverty line [1.1.1],Male,15 years old and over,,,Modeled,,"Source = ILO modelled estimates, November 2021, available in ILOSTAT (https://ilostat.ilo.org/). For the specific sources by country and the estimation methodology refer to ILOSTAT directly.",37.1
2006,,M,,"Source = ILO modelled estimates, November 2021, available in ILOSTAT (https://ilostat.ilo.org/). For the specific sources by country and the estimation methodology refer to ILOSTAT directly.",Employed population below international poverty line [1.1.1],Male,15 years old and over,,,Modeled,,"Source = ILO modelled estimates, November 2021, available in ILOSTAT (https://ilostat.ilo.org/). For the specific sources by country and the estimation methodology refer to ILOSTAT directly.",36.6
2007,,M,,"Source = ILO modelled estimates, November 2021, available in ILOSTAT (https://ilostat.ilo.org/). For the specific sources by country and the estimation methodology refer to ILOSTAT directly.",Employed population below international poverty line [1.1.1],Male,15 years old and over,,,Modeled,,"Source = ILO modelled estimates, November 2021, available in ILOSTAT (https://ilostat.ilo.org/). For the specific sources by country and the estimation methodology refer to ILOSTAT directly.",36.0
2008,,M,,"Source = ILO modelled estimates, November 2021, available in ILOSTAT (https://ilostat.ilo.org/). For the specific sources by country and the estimation methodology refer to ILOSTAT directly.",Employed population below international poverty line [1.1.1],Male,15 years old and over,,,Modeled,,"Source = ILO modelled estimates, November 2021, available in ILOSTAT (https://ilostat.ilo.org/). For the specific sources by country and the estimation methodology refer to ILOSTAT directly.",35.6
2009,,M,,"Source = ILO modelled estimates, November 2021, available in ILOSTAT (https://ilostat.ilo.org/). For the specific sources by country and the estimation methodology refer to ILOSTAT directly.",Employed population below international poverty line [1.1.1],Male,15 years old and over,,,Modeled,,"Source = ILO modelled estimates, November 2021, available in ILOSTAT (https://ilostat.ilo.org/). For the specific sources by country and the estimation methodology refer to ILOSTAT directly.",35.3
2010,,M,,"Source = ILO modelled estimates, November 2021, available in ILOSTAT (https://ilostat.ilo.org/). For the specific sources by country and the estimation methodology refer to ILOSTAT directly.",Employed population below international poverty line [1.1.1],Male,15 years old and over,,,Modeled,,"Source = ILO modelled estimates, November 2021, available in ILOSTAT (https://ilostat.ilo.org/). For the specific sources by country and the estimation methodology refer to ILOSTAT directly.",34.5
2011,,M,,"Source = ILO modelled estimates, November 2021, available in ILOSTAT (https://ilostat.ilo.org/). For the specific sources by country and the estimation methodology refer to ILOSTAT directly.",Employed population below international poverty line [1.1.1],Male,15 years old and over,,,Modeled,,"Source = ILO modelled estimates, November 2021, available in ILOSTAT (https://ilostat.ilo.org/). For the specific sources by country and the estimation methodology refer to ILOSTAT directly.",33.3
2012,,M,,"Source = ILO modelled estimates, November 2021, available in ILOSTAT (https://ilostat.ilo.org/). For the specific sources by country and the estimation methodology refer to ILOSTAT directly.",Employed population below international poverty line [1.1.1],Male,15 years old and over,,,Modeled,,"Source = ILO modelled estimates, November 2021, available in ILOSTAT (https://ilostat.ilo.org/). For the specific sources by country and the estimation methodology refer to ILOSTAT directly.",32.8
2013,,M,,"Source = ILO modelled estimates, November 2021, available in ILOSTAT (https://ilostat.ilo.org/). For the specific sources by country and the estimation methodology refer to ILOSTAT directly.",Employed population below international poverty line [1.1.1],Male,15 years old and over,,,Modeled,,"Source = ILO modelled estimates, November 2021, available in ILOSTAT (https://ilostat.ilo.org/). For the specific sources by country and the estimation methodology refer to ILOSTAT directly.",31.8
2014,,M,,"Source = ILO modelled estimates, November 2021, available in ILOSTAT (https://ilostat.ilo.org/). For the specific sources by country and the estimation methodology refer to ILOSTAT directly.",Employed population below international poverty line [1.1.1],Male,15 years old and over,,,Modeled,,"Source = ILO modelled estimates, November 2021, available in ILOSTAT (https://ilostat.ilo.org/). For the specific sources by country and the estimation methodology refer to ILOSTAT directly.",30.8
2015,,M,,"Source = ILO modelled estimates, November 2021, available in ILOSTAT (https://ilostat.ilo.org/). For the specific sources by country and the estimation methodology refer to ILOSTAT directly.",Employed population below international poverty line [1.1.1],Male,15 years old and over,,,Modeled,,"Source = ILO modelled estimates, November 2021, available in ILOSTAT (https://ilostat.ilo.org/). For the specific sources by country and the estimation methodology refer to ILOSTAT directly.",29.7
2016,,M,,"Source = ILO modelled estimates, November 2021, available in ILOSTAT (https://ilostat.ilo.org/). For the specific sources by country and the estimation methodology refer to ILOSTAT directly.",Employed population below international poverty line [1.1.1],Male,15 years old and over,,,Modeled,,"Source = ILO modelled estimates, November 2021, available in ILOSTAT (https://ilostat.ilo.org/). For the specific sources by country and the estimation methodology refer to ILOSTAT directly.",27.6
2017,,M,,"Source = ILO modelled estimates, November 2021, available in ILOSTAT (https://ilostat.ilo.org/). For the specific sources by country and the estimation methodology refer to ILOSTAT directly.",Employed population below international poverty line [1.1.1],Male,15 years old and over,,,Modeled,,"Source = ILO modelled estimates, November 2021, available in ILOSTAT (https://ilostat.ilo.org/). For the specific sources by country and the estimation methodology refer to ILOSTAT directly.",23.7
2018,,M,,"Source = ILO modelled estimates, November 2021, available in ILOSTAT (https://ilostat.ilo.org/). For the specific sources by country and the estimation methodology refer to ILOSTAT directly.",Employed population below international poverty line [1.1.1],Male,15 years old and over,,,Modeled,,"Source = ILO modelled estimates, November 2021, available in ILOSTAT (https://ilostat.ilo.org/). For the specific sources by country and the estimation methodology refer to ILOSTAT directly.",21.6
2019,,M,,"Source = ILO modelled estimates, November 2021, available in ILOSTAT (https://ilostat.ilo.org/). For the specific sources by country and the estimation methodology refer to ILOSTAT directly.",Employed population below international poverty line [1.1.1],Male,15 years old and over,,,Modeled,,"Source = ILO modelled estimates, November 2021, available in ILOSTAT (https://ilostat.ilo.org/). For the specific sources by country and the estimation methodology refer to ILOSTAT directly.",19.2
2000,,M,,"Source = ILO modelled estimates, November 2021, available in ILOSTAT (https://ilostat.ilo.org/). For the specific sources by country and the estimation methodology refer to ILOSTAT directly.",Employed population below international poverty line [1.1.1],Male,25 years old and over,,,Modeled,,"Source = ILO modelled estimates, November 2021, available in ILOSTAT (https://ilostat.ilo.org/). For the specific sources by country and the estimation methodology refer to ILOSTAT directly.",52.5
2001,,M,,"Source = ILO modelled estimates, November 2021, available in ILOSTAT (https://ilostat.ilo.org/). For the specific sources by country and the estimation methodology refer to ILOSTAT directly.",Employed population below international poverty line [1.1.1],Male,25 years old and over,,,Modeled,,"Source = ILO modelled estimates, November 2021, available in ILOSTAT (https://ilostat.ilo.org/). For the specific sources by country and the estimation methodology refer to ILOSTAT directly.",45.0
2002,,M,,"Source = ILO modelled estimates, November 2021, available in ILOSTAT (https://ilostat.ilo.org/). For the specific sources by country and the estimation methodology refer to ILOSTAT directly.",Employed population below international poverty line [1.1.1],Male,25 years old and over,,,Modeled,,"Source = ILO modelled estimates, November 2021, available in ILOSTAT (https://ilostat.ilo.org/). For the specific sources by country and the estimation methodology refer to ILOSTAT directly.",47.0
2003,,M,,"Source = ILO modelled estimates, November 2021, available in ILOSTAT (https://ilostat.ilo.org/). For the specific sources by country and the estimation methodology refer to ILOSTAT directly.",Employed population below international poverty line [1.1.1],Male,25 years old and over,,,Modeled,,"Source = ILO modelled estimates, November 2021, available in ILOSTAT (https://ilostat.ilo.org/). For the specific sources by country and the estimation methodology refer to ILOSTAT directly.",54.5
2004,,M,,"Source = ILO modelled estimates, November 2021, available in ILOSTAT (https://ilostat.ilo.org/). For the specific sources by country and the estimation methodology refer to ILOSTAT directly.",Employed population below international poverty line [1.1.1],Male,25 years old and over,,,Modeled,,"Source = ILO modelled estimates, November 2021, available in ILOSTAT (https://ilostat.ilo.org/). For the specific sources by country and the estimation methodology refer to ILOSTAT directly.",40.6
2005,,M,,"Source = ILO modelled estimates, November 2021, available in ILOSTAT (https://ilostat.ilo.org/). For the specific sources by country and the estimation methodology refer to ILOSTAT directly.",Employed population below international poverty line [1.1.1],Male,25 years old and over,,,Modeled,,"Source = ILO modelled estimates, November 2021, available in ILOSTAT (https://ilostat.ilo.org/). For the specific sources by country and the estimation methodology refer to ILOSTAT directly.",35.8
2006,,M,,"Source = ILO modelled estimates, November 2021, available in ILOSTAT (https://ilostat.ilo.org/). For the specific sources by country and the estimation methodology refer to ILOSTAT directly.",Employed population below international poverty line [1.1.1],Male,25 years old and over,,,Modeled,,"Source = ILO modelled estimates, November 2021, available in ILOSTAT (https://ilostat.ilo.org/). For the specific sources by country and the estimation methodology refer to ILOSTAT directly.",35.3
2007,,M,,"Source = ILO modelled estimates, November 2021, available in ILOSTAT (https://ilostat.ilo.org/). For the specific sources by country and the estimation methodology refer to ILOSTAT directly.",Employed population below international poverty line [1.1.1],Male,25 years old and over,,,Modeled,,"Source = ILO modelled estimates, November 2021, available in ILOSTAT (https://ilostat.ilo.org/). For the specific sources by country and the estimation methodology refer to ILOSTAT directly.",34.7
2008,,M,,"Source = ILO modelled estimates, November 2021, available in ILOSTAT (https://ilostat.ilo.org/). For the specific sources by country and the estimation methodology refer to ILOSTAT directly.",Employed population below international poverty line [1.1.1],Male,25 years old and over,,,Modeled,,"Source = ILO modelled estimates, November 2021, available in ILOSTAT (https://ilostat.ilo.org/). For the specific sources by country and the estimation methodology refer to ILOSTAT directly.",34.2
2009,,M,,"Source = ILO modelled estimates, November 2021, available in ILOSTAT (https://ilostat.ilo.org/). For the specific sources by country and the estimation methodology refer to ILOSTAT directly.",Employed population below international poverty line [1.1.1],Male,25 years old and over,,,Modeled,,"Source = ILO modelled estimates, November 2021, available in ILOSTAT (https://ilostat.ilo.org/). For the specific sources by country and the estimation methodology refer to ILOSTAT directly.",33.9
2010,,M,,"Source = ILO modelled estimates, November 2021, available in ILOSTAT (https://ilostat.ilo.org/). For the specific sources by country and the estimation methodology refer to ILOSTAT directly.",Employed population below international poverty line [1.1.1],Male,25 years old and over,,,Modeled,,"Source = ILO modelled estimates, November 2021, available in ILOSTAT (https://ilostat.ilo.org/). For the specific sources by country and the estimation methodology refer to ILOSTAT directly.",33.0
2011,,M,,"Source = ILO modelled estimates, November 2021, available in ILOSTAT (https://ilostat.ilo.org/). For the specific sources by country and the estimation methodology refer to ILOSTAT directly.",Employed population below international poverty line [1.1.1],Male,25 years old and over,,,Modeled,,"Source = ILO modelled estimates, November 2021, available in ILOSTAT (https://ilostat.ilo.org/). For the specific sources by country and the estimation methodology refer to ILOSTAT directly.",31.8
2012,,M,,"Source = ILO modelled estimates, November 2021, available in ILOSTAT (https://ilostat.ilo.org/). For the specific sources by country and the estimation methodology refer to ILOSTAT directly.",Employed population below international poverty line [1.1.1],Male,25 years old and over,,,Modeled,,"Source = ILO modelled estimates, November 2021, available in ILOSTAT (https://ilostat.ilo.org/). For the specific sources by country and the estimation methodology refer to ILOSTAT directly.",31.3
2013,,M,,"Source = ILO modelled estimates, November 2021, available in ILOSTAT (https://ilostat.ilo.org/). For the specific sources by country and the estimation methodology refer to ILOSTAT directly.",Employed population below international poverty line [1.1.1],Male,25 years old and over,,,Modeled,,"Source = ILO modelled estimates, November 2021, available in ILOSTAT (https://ilostat.ilo.org/). For the specific sources by country and the estimation methodology refer to ILOSTAT directly.",30.2
2014,,M,,"Source = ILO modelled estimates, November 2021, available in ILOSTAT (https://ilostat.ilo.org/). For the specific sources by country and the estimation methodology refer to ILOSTAT directly.",Employed population below international poverty line [1.1.1],Male,25 years old and over,,,Modeled,,"Source = ILO modelled estimates, November 2021, available in ILOSTAT (https://ilostat.ilo.org/). For the specific sources by country and the estimation methodology refer to ILOSTAT directly.",29.2
2015,,M,,"Source = ILO modelled estimates, November 2021, available in ILOSTAT (https://ilostat.ilo.org/). For the specific sources by country and the estimation methodology refer to ILOSTAT directly.",Employed population below international poverty line [1.1.1],Male,25 years old and over,,,Modeled,,"Source = ILO modelled estimates, November 2021, available in ILOSTAT (https://ilostat.ilo.org/). For the specific sources by country and the estimation methodology refer to ILOSTAT directly.",28.0
2016,,M,,"Source = ILO modelled estimates, November 2021, available in ILOSTAT (https://ilostat.ilo.org/). For the specific sources by country and the estimation methodology refer to ILOSTAT directly.",Employed population below international poverty line [1.1.1],Male,25 years old and over,,,Modeled,,"Source = ILO modelled estimates, November 2021, available in ILOSTAT (https://ilostat.ilo.org/). For the specific sources by country and the estimation methodology refer to ILOSTAT directly.",25.9
2017,,M,,"Source = ILO modelled estimates, November 2021, available in ILOSTAT (https://ilostat.ilo.org/). For the specific sources by country and the estimation methodology refer to ILOSTAT directly.",Employed population below international poverty line [1.1.1],Male,25 years old and over,,,Modeled,,"Source = ILO modelled estimates, November 2021, available in ILOSTAT (https://ilostat.ilo.org/). For the specific sources by country and the estimation methodology refer to ILOSTAT directly.",22.1
2018,,M,,"Source = ILO modelled estimates, November 2021, available in ILOSTAT (https://ilostat.ilo.org/). For the specific sources by country and the estimation methodology refer to ILOSTAT directly.",Employed population below international poverty line [1.1.1],Male,25 years old and over,,,Modeled,,"Source = ILO modelled estimates, November 2021, available in ILOSTAT (https://ilostat.ilo.org/). For the specific sources by country and the estimation methodology refer to ILOSTAT directly.",20.1
2019,,M,,"Source = ILO modelled estimates, November 2021, available in ILOSTAT (https://ilostat.ilo.org/). For the specific sources by country and the estimation methodology refer to ILOSTAT directly.",Employed population below international poverty line [1.1.1],Male,25 years old and over,,,Modeled,,"Source = ILO modelled estimates, November 2021, available in ILOSTAT (https://ilostat.ilo.org/). For the specific sources by country and the estimation methodology refer to ILOSTAT directly.",17.7
2000,,M,,"Source = ILO modelled estimates, November 2021, available in ILOSTAT (https://ilostat.ilo.org/). For the specific sources by country and the estimation methodology refer to ILOSTAT directly.",Employed population below international poverty line [1.1.1],Male,15 to 24 years old,,,Modeled,,"Source = ILO modelled estimates, November 2021, available in ILOSTAT (https://ilostat.ilo.org/). For the specific sources by country and the estimation methodology refer to ILOSTAT directly.",55.7
2001,,M,,"Source = ILO modelled estimates, November 2021, available in ILOSTAT (https://ilostat.ilo.org/). For the specific sources by country and the estimation methodology refer to ILOSTAT directly.",Employed population below international poverty line [1.1.1],Male,15 to 24 years old,,,Modeled,,"Source = ILO modelled estimates, November 2021, available in ILOSTAT (https://ilostat.ilo.org/). For the specific sources by country and the estimation methodology refer to ILOSTAT directly.",48.6
2002,,M,,"Source = ILO modelled estimates, November 2021, available in ILOSTAT (https://ilostat.ilo.org/). For the specific sources by country and the estimation methodology refer to ILOSTAT directly.",Employed population below international poverty line [1.1.1],Male,15 to 24 years old,,,Modeled,,"Source = ILO modelled estimates, November 2021, available in ILOSTAT (https://ilostat.ilo.org/). For the specific sources by country and the estimation methodology refer to ILOSTAT directly.",50.4
2003,,M,,"Source = ILO modelled estimates, November 2021, available in ILOSTAT (https://ilostat.ilo.org/). For the specific sources by country and the estimation methodology refer to ILOSTAT directly.",Employed population below international poverty line [1.1.1],Male,15 to 24 years old,,,Modeled,,"Source = ILO modelled estimates, November 2021, available in ILOSTAT (https://ilostat.ilo.org/). For the specific sources by country and the estimation methodology refer to ILOSTAT directly.",57.4
2004,,M,,"Source = ILO modelled estimates, November 2021, available in ILOSTAT (https://ilostat.ilo.org/). For the specific sources by country and the estimation methodology refer to ILOSTAT directly.",Employed population below international poverty line [1.1.1],Male,15 to 24 years old,,,Modeled,,"Source = ILO modelled estimates, November 2021, available in ILOSTAT (https://ilostat.ilo.org/). For the specific sources by country and the estimation methodology refer to ILOSTAT directly.",44.2
2005,,M,,"Source = ILO modelled estimates, November 2021, available in ILOSTAT (https://ilostat.ilo.org/). For the specific sources by country and the estimation methodology refer to ILOSTAT directly.",Employed population below international poverty line [1.1.1],Male,15 to 24 years old,,,Modeled,,"Source = ILO modelled estimates, November 2021, available in ILOSTAT (https://ilostat.ilo.org/). For the specific sources by country and the estimation methodology refer to ILOSTAT directly.",39.7
2006,,M,,"Source = ILO modelled estimates, November 2021, available in ILOSTAT (https://ilostat.ilo.org/). For the specific sources by country and the estimation methodology refer to ILOSTAT directly.",Employed population below international poverty line [1.1.1],Male,15 to 24 years old,,,Modeled,,"Source = ILO modelled estimates, November 2021, available in ILOSTAT (https://ilostat.ilo.org/). For the specific sources by country and the estimation methodology refer to ILOSTAT directly.",39.3
2007,,M,,"Source = ILO modelled estimates, November 2021, available in ILOSTAT (https://ilostat.ilo.org/). For the specific sources by country and the estimation methodology refer to ILOSTAT directly.",Employed population below international poverty line [1.1.1],Male,15 to 24 years old,,,Modeled,,"Source = ILO modelled estimates, November 2021, available in ILOSTAT (https://ilostat.ilo.org/). For the specific sources by country and the estimation methodology refer to ILOSTAT directly.",38.7
2008,,M,,"Source = ILO modelled estimates, November 2021, available in ILOSTAT (https://ilostat.ilo.org/). For the specific sources by country and the estimation methodology refer to ILOSTAT directly.",Employed population below international poverty line [1.1.1],Male,15 to 24 years old,,,Modeled,,"Source = ILO modelled estimates, November 2021, available in ILOSTAT (https://ilostat.ilo.org/). For the specific sources by country and the estimation methodology refer to ILOSTAT directly.",38.4
2009,,M,,"Source = ILO modelled estimates, November 2021, available in ILOSTAT (https://ilostat.ilo.org/). For the specific sources by country and the estimation methodology refer to ILOSTAT directly.",Employed population below international poverty line [1.1.1],Male,15 to 24 years old,,,Modeled,,"Source = ILO modelled estimates, November 2021, available in ILOSTAT (https://ilostat.ilo.org/). For the specific sources by country and the estimation methodology refer to ILOSTAT directly.",38.2
2010,,M,,"Source = ILO modelled estimates, November 2021, available in ILOSTAT (https://ilostat.ilo.org/). For the specific sources by country and the estimation methodology refer to ILOSTAT directly.",Employed population below international poverty line [1.1.1],Male,15 to 24 years old,,,Modeled,,"Source = ILO modelled estimates, November 2021, available in ILOSTAT (https://ilostat.ilo.org/). For the specific sources by country and the estimation methodology refer to ILOSTAT directly.",37.4
2011,,M,,"Source = ILO modelled estimates, November 2021, available in ILOSTAT (https://ilostat.ilo.org/). For the specific sources by country and the estimation methodology refer to ILOSTAT directly.",Employed population below international poverty line [1.1.1],Male,15 to 24 years old,,,Modeled,,"Source = ILO modelled estimates, November 2021, available in ILOSTAT (https://ilostat.ilo.org/). For the specific sources by country and the estimation methodology refer to ILOSTAT directly.",36.3
2012,,M,,"Source = ILO modelled estimates, November 2021, available in ILOSTAT (https://ilostat.ilo.org/). For the specific sources by country and the estimation methodology refer to ILOSTAT directly.",Employed population below international poverty line [1.1.1],Male,15 to 24 years old,,,Modeled,,"Source = ILO modelled estimates, November 2021, available in ILOSTAT (https://ilostat.ilo.org/). For the specific sources by country and the estimation methodology refer to ILOSTAT directly.",35.8
2013,,M,,"Source = ILO modelled estimates, November 2021, available in ILOSTAT (https://ilostat.ilo.org/). For the specific sources by country and the estimation methodology refer to ILOSTAT directly.",Employed population below international poverty line [1.1.1],Male,15 to 24 years old,,,Modeled,,"Source = ILO modelled estimates, November 2021, available in ILOSTAT (https://ilostat.ilo.org/). For the specific sources by country and the estimation methodology refer to ILOSTAT directly.",34.8
2014,,M,,"Source = ILO modelled estimates, November 2021, available in ILOSTAT (https://ilostat.ilo.org/). For the specific sources by country and the estimation methodology refer to ILOSTAT directly.",Employed population below international poverty line [1.1.1],Male,15 to 24 years old,,,Modeled,,"Source = ILO modelled estimates, November 2021, available in ILOSTAT (https://ilostat.ilo.org/). For the specific sources by country and the estimation methodology refer to ILOSTAT directly.",34.0
2015,,M,,"Source = ILO modelled estimates, November 2021, available in ILOSTAT (https://ilostat.ilo.org/). For the specific sources by country and the estimation methodology refer to ILOSTAT directly.",Employed population below international poverty line [1.1.1],Male,15 to 24 years old,,,Modeled,,"Source = ILO modelled estimates, November 2021, available in ILOSTAT (https://ilostat.ilo.org/). For the specific sources by country and the estimation methodology refer to ILOSTAT directly.",33.1
2016,,M,,"Source = ILO modelled estimates, November 2021, available in ILOSTAT (https://ilostat.ilo.org/). For the specific sources by country and the estimation methodology refer to ILOSTAT directly.",Employed population below international poverty line [1.1.1],Male,15 to 24 years old,,,Modeled,,"Source = ILO modelled estimates, November 2021, available in ILOSTAT (https://ilostat.ilo.org/). For the specific sources by country and the estimation methodology refer to ILOSTAT directly.",31.0
2017,,M,,"Source = ILO modelled estimates, November 2021, available in ILOSTAT (https://ilostat.ilo.org/). For the specific sources by country and the estimation methodology refer to ILOSTAT directly.",Employed population below international poverty line [1.1.1],Male,15 to 24 years old,,,Modeled,,"Source = ILO modelled estimates, November 2021, available in ILOSTAT (https://ilostat.ilo.org/). For the specific sources by country and the estimation methodology refer to ILOSTAT directly.",27.1
2018,,M,,"Source = ILO modelled estimates, November 2021, available in ILOSTAT (https://ilostat.ilo.org/). For the specific sources by country and the estimation methodology refer to ILOSTAT directly.",Employed population below international poverty line [1.1.1],Male,15 to 24 years old,,,Modeled,,"Source = ILO modelled estimates, November 2021, available in ILOSTAT (https://ilostat.ilo.org/). For the specific sources by country and the estimation methodology refer to ILOSTAT directly.",24.9
2019,,M,,"Source = ILO modelled estimates, November 2021, available in ILOSTAT (https://ilostat.ilo.org/). For the specific sources by country and the estimation methodology refer to ILOSTAT directly.",Employed population below international poverty line [1.1.1],Male,15 to 24 years old,,,Modeled,,"Source = ILO modelled estimates, November 2021, available in ILOSTAT (https://ilostat.ilo.org/). For the specific sources by country and the estimation methodology refer to ILOSTAT directly.",22.4
