Year,COMMENT_OBS,Value
1995,"Source: Ministry of Finance and Economic Development (MoFED): Ethiopia: Building on Progress, A Plan for Accelerated and Sustained Development to End Poverty (PASDEP), Volume I: Main Text. Poverty line is absolute. Government estimate.",45.5
1999,"Source: Ministry of Finance and Economic Development (MoFED): Ethiopia: Building on Progress, A Plan for Accelerated and Sustained Development to End Poverty (PASDEP), Volume I: Main Text. Poverty line is absolute. Government estimate.",44.2
2004,"Source: FDRE, 2017. Poverty line is absolute.",38.7
2010,"Source: FDRE, 2017. Poverty line is absolute.",29.6
2015,"Source: FDRE, 2017. Poverty line is absolute.",23.5
