Year,COMMENT_OBS,SDG Series,Unit of measure,Observation-level footnotes,Value
2005,Obs_Value = 0;  Disclaimer: The data being submitted by UNDRR has been extracted from two sources: (a) the Sendai Framework Monitoring System as provided by designated national focal points; and (b) DesInventar disaster loss databases. Some of the data has not followed an official validation process and may be subject to revision at a later date.,"Direct agriculture loss attributed to disasters [1.5.2, 11.5.2]",USD,Disclaimer: The data being submitted by UNDRR has been extracted from two sources: (a) the Sendai Framework Monitoring System as provided by designated national focal points; and (b) DesInventar disaster loss databases. Some of the data has not followed an official validation process and may be subject to revision at a later date.,0.0
2010,Obs_Value = 0;  Disclaimer: The data being submitted by UNDRR has been extracted from two sources: (a) the Sendai Framework Monitoring System as provided by designated national focal points; and (b) DesInventar disaster loss databases. Some of the data has not followed an official validation process and may be subject to revision at a later date.,"Direct agriculture loss attributed to disasters [1.5.2, 11.5.2]",USD,Disclaimer: The data being submitted by UNDRR has been extracted from two sources: (a) the Sendai Framework Monitoring System as provided by designated national focal points; and (b) DesInventar disaster loss databases. Some of the data has not followed an official validation process and may be subject to revision at a later date.,0.0
2011,Obs_Value = 0;  Disclaimer: The data being submitted by UNDRR has been extracted from two sources: (a) the Sendai Framework Monitoring System as provided by designated national focal points; and (b) DesInventar disaster loss databases. Some of the data has not followed an official validation process and may be subject to revision at a later date.,"Direct agriculture loss attributed to disasters [1.5.2, 11.5.2]",USD,Disclaimer: The data being submitted by UNDRR has been extracted from two sources: (a) the Sendai Framework Monitoring System as provided by designated national focal points; and (b) DesInventar disaster loss databases. Some of the data has not followed an official validation process and may be subject to revision at a later date.,0.0
2013,Disclaimer: The data being submitted by UNDRR has been extracted from two sources: (a) the Sendai Framework Monitoring System as provided by designated national focal points; and (b) DesInventar disaster loss databases. Some of the data has not followed an official validation process and may be subject to revision at a later date.,"Direct agriculture loss attributed to disasters [1.5.2, 11.5.2]",USD,Disclaimer: The data being submitted by UNDRR has been extracted from two sources: (a) the Sendai Framework Monitoring System as provided by designated national focal points; and (b) DesInventar disaster loss databases. Some of the data has not followed an official validation process and may be subject to revision at a later date.,88673977.57876
2014,Disclaimer: The data being submitted by UNDRR has been extracted from two sources: (a) the Sendai Framework Monitoring System as provided by designated national focal points; and (b) DesInventar disaster loss databases. Some of the data has not followed an official validation process and may be subject to revision at a later date.,"Direct agriculture loss attributed to disasters [1.5.2, 11.5.2]",USD,Disclaimer: The data being submitted by UNDRR has been extracted from two sources: (a) the Sendai Framework Monitoring System as provided by designated national focal points; and (b) DesInventar disaster loss databases. Some of the data has not followed an official validation process and may be subject to revision at a later date.,38484924.10301
2015,Disclaimer: The data being submitted by UNDRR has been extracted from two sources: (a) the Sendai Framework Monitoring System as provided by designated national focal points; and (b) DesInventar disaster loss databases. Some of the data has not followed an official validation process and may be subject to revision at a later date.,"Direct agriculture loss attributed to disasters [1.5.2, 11.5.2]",USD,Disclaimer: The data being submitted by UNDRR has been extracted from two sources: (a) the Sendai Framework Monitoring System as provided by designated national focal points; and (b) DesInventar disaster loss databases. Some of the data has not followed an official validation process and may be subject to revision at a later date.,287931716.84349
2016,Disclaimer: The data being submitted by UNDRR has been extracted from two sources: (a) the Sendai Framework Monitoring System as provided by designated national focal points; and (b) DesInventar disaster loss databases. Some of the data has not followed an official validation process and may be subject to revision at a later date.,"Direct agriculture loss attributed to disasters [1.5.2, 11.5.2]",USD,Disclaimer: The data being submitted by UNDRR has been extracted from two sources: (a) the Sendai Framework Monitoring System as provided by designated national focal points; and (b) DesInventar disaster loss databases. Some of the data has not followed an official validation process and may be subject to revision at a later date.,129381870.66176
2018,Disclaimer: The data being submitted by UNDRR has been extracted from two sources: (a) the Sendai Framework Monitoring System as provided by designated national focal points; and (b) DesInventar disaster loss databases. Some of the data has not followed an official validation process and may be subject to revision at a later date.,"Direct agriculture loss attributed to disasters [1.5.2, 11.5.2]",USD,Disclaimer: The data being submitted by UNDRR has been extracted from two sources: (a) the Sendai Framework Monitoring System as provided by designated national focal points; and (b) DesInventar disaster loss databases. Some of the data has not followed an official validation process and may be subject to revision at a later date.,102014533.1766
2019,Disclaimer: The data being submitted by UNDRR has been extracted from two sources: (a) the Sendai Framework Monitoring System as provided by designated national focal points; and (b) DesInventar disaster loss databases. Some of the data has not followed an official validation process and may be subject to revision at a later date.,"Direct agriculture loss attributed to disasters [1.5.2, 11.5.2]",USD,Disclaimer: The data being submitted by UNDRR has been extracted from two sources: (a) the Sendai Framework Monitoring System as provided by designated national focal points; and (b) DesInventar disaster loss databases. Some of the data has not followed an official validation process and may be subject to revision at a later date.,102429773.25226
2005,Obs_Value = 0;  Disclaimer: The data being submitted by UNDRR has been extracted from two sources: (a) the Sendai Framework Monitoring System as provided by designated national focal points; and (b) DesInventar disaster loss databases. Some of the data has not followed an official validation process and may be subject to revision at a later date.,"Direct economic loss to cultural heritage damaged or destroyed attributed to disasters [1.5.2, 11.5.2]",USD,Obs_Value = 0;  Disclaimer: The data being submitted by UNDRR has been extracted from two sources: (a) the Sendai Framework Monitoring System as provided by designated national focal points; and (b) DesInventar disaster loss databases. Some of the data has not followed an official validation process and may be subject to revision at a later date.,0.0
2013,Obs_Value = 0;  Disclaimer: The data being submitted by UNDRR has been extracted from two sources: (a) the Sendai Framework Monitoring System as provided by designated national focal points; and (b) DesInventar disaster loss databases. Some of the data has not followed an official validation process and may be subject to revision at a later date.,"Direct economic loss to cultural heritage damaged or destroyed attributed to disasters [1.5.2, 11.5.2]",USD,Obs_Value = 0;  Disclaimer: The data being submitted by UNDRR has been extracted from two sources: (a) the Sendai Framework Monitoring System as provided by designated national focal points; and (b) DesInventar disaster loss databases. Some of the data has not followed an official validation process and may be subject to revision at a later date.,0.0
2015,Obs_Value = 0;  Disclaimer: The data being submitted by UNDRR has been extracted from two sources: (a) the Sendai Framework Monitoring System as provided by designated national focal points; and (b) DesInventar disaster loss databases. Some of the data has not followed an official validation process and may be subject to revision at a later date.,"Direct economic loss to cultural heritage damaged or destroyed attributed to disasters [1.5.2, 11.5.2]",USD,Obs_Value = 0;  Disclaimer: The data being submitted by UNDRR has been extracted from two sources: (a) the Sendai Framework Monitoring System as provided by designated national focal points; and (b) DesInventar disaster loss databases. Some of the data has not followed an official validation process and may be subject to revision at a later date.,0.0
2017,Obs_Value = 0;  Disclaimer: The data being submitted by UNDRR has been extracted from two sources: (a) the Sendai Framework Monitoring System as provided by designated national focal points; and (b) DesInventar disaster loss databases. Some of the data has not followed an official validation process and may be subject to revision at a later date.,"Direct economic loss to cultural heritage damaged or destroyed attributed to disasters [1.5.2, 11.5.2]",USD,Obs_Value = 0;  Disclaimer: The data being submitted by UNDRR has been extracted from two sources: (a) the Sendai Framework Monitoring System as provided by designated national focal points; and (b) DesInventar disaster loss databases. Some of the data has not followed an official validation process and may be subject to revision at a later date.,0.0
2013,Obs_Value = 0;  Disclaimer: The data being submitted by UNDRR has been extracted from two sources: (a) the Sendai Framework Monitoring System as provided by designated national focal points; and (b) DesInventar disaster loss databases. Some of the data has not followed an official validation process and may be subject to revision at a later date.,"Direct economic loss resulting from damaged or destroyed critical infrastructure attributed to disasters [1.5.2, 11.5.2]",USD,Obs_Value = 0;  Disclaimer: The data being submitted by UNDRR has been extracted from two sources: (a) the Sendai Framework Monitoring System as provided by designated national focal points; and (b) DesInventar disaster loss databases. Some of the data has not followed an official validation process and may be subject to revision at a later date.,0.0
2014,Obs_Value = 0;  Disclaimer: The data being submitted by UNDRR has been extracted from two sources: (a) the Sendai Framework Monitoring System as provided by designated national focal points; and (b) DesInventar disaster loss databases. Some of the data has not followed an official validation process and may be subject to revision at a later date.,"Direct economic loss resulting from damaged or destroyed critical infrastructure attributed to disasters [1.5.2, 11.5.2]",USD,Obs_Value = 0;  Disclaimer: The data being submitted by UNDRR has been extracted from two sources: (a) the Sendai Framework Monitoring System as provided by designated national focal points; and (b) DesInventar disaster loss databases. Some of the data has not followed an official validation process and may be subject to revision at a later date.,0.0
2015,Obs_Value = 0;  Disclaimer: The data being submitted by UNDRR has been extracted from two sources: (a) the Sendai Framework Monitoring System as provided by designated national focal points; and (b) DesInventar disaster loss databases. Some of the data has not followed an official validation process and may be subject to revision at a later date.,"Direct economic loss resulting from damaged or destroyed critical infrastructure attributed to disasters [1.5.2, 11.5.2]",USD,Obs_Value = 0;  Disclaimer: The data being submitted by UNDRR has been extracted from two sources: (a) the Sendai Framework Monitoring System as provided by designated national focal points; and (b) DesInventar disaster loss databases. Some of the data has not followed an official validation process and may be subject to revision at a later date.,0.0
2017,Obs_Value = 0;  Disclaimer: The data being submitted by UNDRR has been extracted from two sources: (a) the Sendai Framework Monitoring System as provided by designated national focal points; and (b) DesInventar disaster loss databases. Some of the data has not followed an official validation process and may be subject to revision at a later date.,"Direct economic loss resulting from damaged or destroyed critical infrastructure attributed to disasters [1.5.2, 11.5.2]",USD,Obs_Value = 0;  Disclaimer: The data being submitted by UNDRR has been extracted from two sources: (a) the Sendai Framework Monitoring System as provided by designated national focal points; and (b) DesInventar disaster loss databases. Some of the data has not followed an official validation process and may be subject to revision at a later date.,0.0
2005,Obs_Value = 0;  Disclaimer: The data being submitted by UNDRR has been extracted from two sources: (a) the Sendai Framework Monitoring System as provided by designated national focal points; and (b) DesInventar disaster loss databases. Some of the data has not followed an official validation process and may be subject to revision at a later date.,"Direct economic loss to other damaged or destroyed productive assets attributed to disasters [1.5.2, 11.5.2]",USD,Obs_Value = 0;  Disclaimer: The data being submitted by UNDRR has been extracted from two sources: (a) the Sendai Framework Monitoring System as provided by designated national focal points; and (b) DesInventar disaster loss databases. Some of the data has not followed an official validation process and may be subject to revision at a later date.,0.0
2009,Obs_Value = 0;  Disclaimer: The data being submitted by UNDRR has been extracted from two sources: (a) the Sendai Framework Monitoring System as provided by designated national focal points; and (b) DesInventar disaster loss databases. Some of the data has not followed an official validation process and may be subject to revision at a later date.,"Direct economic loss to other damaged or destroyed productive assets attributed to disasters [1.5.2, 11.5.2]",USD,Obs_Value = 0;  Disclaimer: The data being submitted by UNDRR has been extracted from two sources: (a) the Sendai Framework Monitoring System as provided by designated national focal points; and (b) DesInventar disaster loss databases. Some of the data has not followed an official validation process and may be subject to revision at a later date.,0.0
2013,Obs_Value = 0;  Disclaimer: The data being submitted by UNDRR has been extracted from two sources: (a) the Sendai Framework Monitoring System as provided by designated national focal points; and (b) DesInventar disaster loss databases. Some of the data has not followed an official validation process and may be subject to revision at a later date.,"Direct economic loss to other damaged or destroyed productive assets attributed to disasters [1.5.2, 11.5.2]",USD,Obs_Value = 0;  Disclaimer: The data being submitted by UNDRR has been extracted from two sources: (a) the Sendai Framework Monitoring System as provided by designated national focal points; and (b) DesInventar disaster loss databases. Some of the data has not followed an official validation process and may be subject to revision at a later date.,0.0
2014,Obs_Value = 0;  Disclaimer: The data being submitted by UNDRR has been extracted from two sources: (a) the Sendai Framework Monitoring System as provided by designated national focal points; and (b) DesInventar disaster loss databases. Some of the data has not followed an official validation process and may be subject to revision at a later date.,"Direct economic loss to other damaged or destroyed productive assets attributed to disasters [1.5.2, 11.5.2]",USD,Obs_Value = 0;  Disclaimer: The data being submitted by UNDRR has been extracted from two sources: (a) the Sendai Framework Monitoring System as provided by designated national focal points; and (b) DesInventar disaster loss databases. Some of the data has not followed an official validation process and may be subject to revision at a later date.,0.0
2015,Obs_Value = 0;  Disclaimer: The data being submitted by UNDRR has been extracted from two sources: (a) the Sendai Framework Monitoring System as provided by designated national focal points; and (b) DesInventar disaster loss databases. Some of the data has not followed an official validation process and may be subject to revision at a later date.,"Direct economic loss to other damaged or destroyed productive assets attributed to disasters [1.5.2, 11.5.2]",USD,Obs_Value = 0;  Disclaimer: The data being submitted by UNDRR has been extracted from two sources: (a) the Sendai Framework Monitoring System as provided by designated national focal points; and (b) DesInventar disaster loss databases. Some of the data has not followed an official validation process and may be subject to revision at a later date.,0.0
2016,Obs_Value = 0;  Disclaimer: The data being submitted by UNDRR has been extracted from two sources: (a) the Sendai Framework Monitoring System as provided by designated national focal points; and (b) DesInventar disaster loss databases. Some of the data has not followed an official validation process and may be subject to revision at a later date.,"Direct economic loss to other damaged or destroyed productive assets attributed to disasters [1.5.2, 11.5.2]",USD,Obs_Value = 0;  Disclaimer: The data being submitted by UNDRR has been extracted from two sources: (a) the Sendai Framework Monitoring System as provided by designated national focal points; and (b) DesInventar disaster loss databases. Some of the data has not followed an official validation process and may be subject to revision at a later date.,0.0
2017,Obs_Value = 0;  Disclaimer: The data being submitted by UNDRR has been extracted from two sources: (a) the Sendai Framework Monitoring System as provided by designated national focal points; and (b) DesInventar disaster loss databases. Some of the data has not followed an official validation process and may be subject to revision at a later date.,"Direct economic loss to other damaged or destroyed productive assets attributed to disasters [1.5.2, 11.5.2]",USD,Obs_Value = 0;  Disclaimer: The data being submitted by UNDRR has been extracted from two sources: (a) the Sendai Framework Monitoring System as provided by designated national focal points; and (b) DesInventar disaster loss databases. Some of the data has not followed an official validation process and may be subject to revision at a later date.,0.0
2018,Obs_Value = 0;  Disclaimer: The data being submitted by UNDRR has been extracted from two sources: (a) the Sendai Framework Monitoring System as provided by designated national focal points; and (b) DesInventar disaster loss databases. Some of the data has not followed an official validation process and may be subject to revision at a later date.,"Direct economic loss to other damaged or destroyed productive assets attributed to disasters [1.5.2, 11.5.2]",USD,Obs_Value = 0;  Disclaimer: The data being submitted by UNDRR has been extracted from two sources: (a) the Sendai Framework Monitoring System as provided by designated national focal points; and (b) DesInventar disaster loss databases. Some of the data has not followed an official validation process and may be subject to revision at a later date.,0.0
2005,Disclaimer: The data being submitted by UNDRR has been extracted from two sources: (a) the Sendai Framework Monitoring System as provided by designated national focal points; and (b) DesInventar disaster loss databases. Some of the data has not followed an official validation process and may be subject to revision at a later date.,"Direct economic loss attributed to disasters [1.5.2,11.5.2]",USD,Disclaimer: The data being submitted by UNDRR has been extracted from two sources: (a) the Sendai Framework Monitoring System as provided by designated national focal points; and (b) DesInventar disaster loss databases. Some of the data has not followed an official validation process and may be subject to revision at a later date.,9690035062.5
2009,Obs_Value = 0;  Disclaimer: The data being submitted by UNDRR has been extracted from two sources: (a) the Sendai Framework Monitoring System as provided by designated national focal points; and (b) DesInventar disaster loss databases. Some of the data has not followed an official validation process and may be subject to revision at a later date.,"Direct economic loss attributed to disasters [1.5.2,11.5.2]",USD,Disclaimer: The data being submitted by UNDRR has been extracted from two sources: (a) the Sendai Framework Monitoring System as provided by designated national focal points; and (b) DesInventar disaster loss databases. Some of the data has not followed an official validation process and may be subject to revision at a later date.,0.0
2010,Obs_Value = 0;  Disclaimer: The data being submitted by UNDRR has been extracted from two sources: (a) the Sendai Framework Monitoring System as provided by designated national focal points; and (b) DesInventar disaster loss databases. Some of the data has not followed an official validation process and may be subject to revision at a later date.,"Direct economic loss attributed to disasters [1.5.2,11.5.2]",USD,Disclaimer: The data being submitted by UNDRR has been extracted from two sources: (a) the Sendai Framework Monitoring System as provided by designated national focal points; and (b) DesInventar disaster loss databases. Some of the data has not followed an official validation process and may be subject to revision at a later date.,0.0
2011,Obs_Value = 0;  Disclaimer: The data being submitted by UNDRR has been extracted from two sources: (a) the Sendai Framework Monitoring System as provided by designated national focal points; and (b) DesInventar disaster loss databases. Some of the data has not followed an official validation process and may be subject to revision at a later date.,"Direct economic loss attributed to disasters [1.5.2,11.5.2]",USD,Disclaimer: The data being submitted by UNDRR has been extracted from two sources: (a) the Sendai Framework Monitoring System as provided by designated national focal points; and (b) DesInventar disaster loss databases. Some of the data has not followed an official validation process and may be subject to revision at a later date.,0.0
2013,Disclaimer: The data being submitted by UNDRR has been extracted from two sources: (a) the Sendai Framework Monitoring System as provided by designated national focal points; and (b) DesInventar disaster loss databases. Some of the data has not followed an official validation process and may be subject to revision at a later date.,"Direct economic loss attributed to disasters [1.5.2,11.5.2]",USD,Disclaimer: The data being submitted by UNDRR has been extracted from two sources: (a) the Sendai Framework Monitoring System as provided by designated national focal points; and (b) DesInventar disaster loss databases. Some of the data has not followed an official validation process and may be subject to revision at a later date.,88673977.57876
2014,Disclaimer: The data being submitted by UNDRR has been extracted from two sources: (a) the Sendai Framework Monitoring System as provided by designated national focal points; and (b) DesInventar disaster loss databases. Some of the data has not followed an official validation process and may be subject to revision at a later date.,"Direct economic loss attributed to disasters [1.5.2,11.5.2]",USD,Disclaimer: The data being submitted by UNDRR has been extracted from two sources: (a) the Sendai Framework Monitoring System as provided by designated national focal points; and (b) DesInventar disaster loss databases. Some of the data has not followed an official validation process and may be subject to revision at a later date.,38484924.10301
2015,Disclaimer: The data being submitted by UNDRR has been extracted from two sources: (a) the Sendai Framework Monitoring System as provided by designated national focal points; and (b) DesInventar disaster loss databases. Some of the data has not followed an official validation process and may be subject to revision at a later date.,"Direct economic loss attributed to disasters [1.5.2,11.5.2]",USD,Disclaimer: The data being submitted by UNDRR has been extracted from two sources: (a) the Sendai Framework Monitoring System as provided by designated national focal points; and (b) DesInventar disaster loss databases. Some of the data has not followed an official validation process and may be subject to revision at a later date.,287931716.84349
2016,Disclaimer: The data being submitted by UNDRR has been extracted from two sources: (a) the Sendai Framework Monitoring System as provided by designated national focal points; and (b) DesInventar disaster loss databases. Some of the data has not followed an official validation process and may be subject to revision at a later date.,"Direct economic loss attributed to disasters [1.5.2,11.5.2]",USD,Disclaimer: The data being submitted by UNDRR has been extracted from two sources: (a) the Sendai Framework Monitoring System as provided by designated national focal points; and (b) DesInventar disaster loss databases. Some of the data has not followed an official validation process and may be subject to revision at a later date.,129381870.66176
2017,Obs_Value = 0;  Disclaimer: The data being submitted by UNDRR has been extracted from two sources: (a) the Sendai Framework Monitoring System as provided by designated national focal points; and (b) DesInventar disaster loss databases. Some of the data has not followed an official validation process and may be subject to revision at a later date.,"Direct economic loss attributed to disasters [1.5.2,11.5.2]",USD,Disclaimer: The data being submitted by UNDRR has been extracted from two sources: (a) the Sendai Framework Monitoring System as provided by designated national focal points; and (b) DesInventar disaster loss databases. Some of the data has not followed an official validation process and may be subject to revision at a later date.,0.0
2018,Disclaimer: The data being submitted by UNDRR has been extracted from two sources: (a) the Sendai Framework Monitoring System as provided by designated national focal points; and (b) DesInventar disaster loss databases. Some of the data has not followed an official validation process and may be subject to revision at a later date.,"Direct economic loss attributed to disasters [1.5.2,11.5.2]",USD,Disclaimer: The data being submitted by UNDRR has been extracted from two sources: (a) the Sendai Framework Monitoring System as provided by designated national focal points; and (b) DesInventar disaster loss databases. Some of the data has not followed an official validation process and may be subject to revision at a later date.,102014533.1766
2019,Disclaimer: The data being submitted by UNDRR has been extracted from two sources: (a) the Sendai Framework Monitoring System as provided by designated national focal points; and (b) DesInventar disaster loss databases. Some of the data has not followed an official validation process and may be subject to revision at a later date.,"Direct economic loss attributed to disasters [1.5.2,11.5.2]",USD,Disclaimer: The data being submitted by UNDRR has been extracted from two sources: (a) the Sendai Framework Monitoring System as provided by designated national focal points; and (b) DesInventar disaster loss databases. Some of the data has not followed an official validation process and may be subject to revision at a later date.,102429773.25226
2005,Disclaimer: The data being submitted by UNDRR has been extracted from two sources: (a) the Sendai Framework Monitoring System as provided by designated national focal points; and (b) DesInventar disaster loss databases. Some of the data has not followed an official validation process and may be subject to revision at a later date.,"Direct economic loss in the housing sector attributed to disasters, by hazard type [1.5.2, 11.5.2]",USD,Obs_Value = 0;  Disclaimer: The data being submitted by UNDRR has been extracted from two sources: (a) the Sendai Framework Monitoring System as provided by designated national focal points; and (b) DesInventar disaster loss databases. Some of the data has not followed an official validation process and may be subject to revision at a later date.,9690035062.5
2009,Obs_Value = 0;  Disclaimer: The data being submitted by UNDRR has been extracted from two sources: (a) the Sendai Framework Monitoring System as provided by designated national focal points; and (b) DesInventar disaster loss databases. Some of the data has not followed an official validation process and may be subject to revision at a later date.,"Direct economic loss in the housing sector attributed to disasters, by hazard type [1.5.2, 11.5.2]",USD,Obs_Value = 0;  Disclaimer: The data being submitted by UNDRR has been extracted from two sources: (a) the Sendai Framework Monitoring System as provided by designated national focal points; and (b) DesInventar disaster loss databases. Some of the data has not followed an official validation process and may be subject to revision at a later date.,0.0
2013,Obs_Value = 0;  Disclaimer: The data being submitted by UNDRR has been extracted from two sources: (a) the Sendai Framework Monitoring System as provided by designated national focal points; and (b) DesInventar disaster loss databases. Some of the data has not followed an official validation process and may be subject to revision at a later date.,"Direct economic loss in the housing sector attributed to disasters, by hazard type [1.5.2, 11.5.2]",USD,Obs_Value = 0;  Disclaimer: The data being submitted by UNDRR has been extracted from two sources: (a) the Sendai Framework Monitoring System as provided by designated national focal points; and (b) DesInventar disaster loss databases. Some of the data has not followed an official validation process and may be subject to revision at a later date.,0.0
2014,Obs_Value = 0;  Disclaimer: The data being submitted by UNDRR has been extracted from two sources: (a) the Sendai Framework Monitoring System as provided by designated national focal points; and (b) DesInventar disaster loss databases. Some of the data has not followed an official validation process and may be subject to revision at a later date.,"Direct economic loss in the housing sector attributed to disasters, by hazard type [1.5.2, 11.5.2]",USD,Obs_Value = 0;  Disclaimer: The data being submitted by UNDRR has been extracted from two sources: (a) the Sendai Framework Monitoring System as provided by designated national focal points; and (b) DesInventar disaster loss databases. Some of the data has not followed an official validation process and may be subject to revision at a later date.,0.0
2015,Obs_Value = 0;  Disclaimer: The data being submitted by UNDRR has been extracted from two sources: (a) the Sendai Framework Monitoring System as provided by designated national focal points; and (b) DesInventar disaster loss databases. Some of the data has not followed an official validation process and may be subject to revision at a later date.,"Direct economic loss in the housing sector attributed to disasters, by hazard type [1.5.2, 11.5.2]",USD,Obs_Value = 0;  Disclaimer: The data being submitted by UNDRR has been extracted from two sources: (a) the Sendai Framework Monitoring System as provided by designated national focal points; and (b) DesInventar disaster loss databases. Some of the data has not followed an official validation process and may be subject to revision at a later date.,0.0
2016,Obs_Value = 0;  Disclaimer: The data being submitted by UNDRR has been extracted from two sources: (a) the Sendai Framework Monitoring System as provided by designated national focal points; and (b) DesInventar disaster loss databases. Some of the data has not followed an official validation process and may be subject to revision at a later date.,"Direct economic loss in the housing sector attributed to disasters, by hazard type [1.5.2, 11.5.2]",USD,Obs_Value = 0;  Disclaimer: The data being submitted by UNDRR has been extracted from two sources: (a) the Sendai Framework Monitoring System as provided by designated national focal points; and (b) DesInventar disaster loss databases. Some of the data has not followed an official validation process and may be subject to revision at a later date.,0.0
2017,Obs_Value = 0;  Disclaimer: The data being submitted by UNDRR has been extracted from two sources: (a) the Sendai Framework Monitoring System as provided by designated national focal points; and (b) DesInventar disaster loss databases. Some of the data has not followed an official validation process and may be subject to revision at a later date.,"Direct economic loss in the housing sector attributed to disasters, by hazard type [1.5.2, 11.5.2]",USD,Obs_Value = 0;  Disclaimer: The data being submitted by UNDRR has been extracted from two sources: (a) the Sendai Framework Monitoring System as provided by designated national focal points; and (b) DesInventar disaster loss databases. Some of the data has not followed an official validation process and may be subject to revision at a later date.,0.0
2018,Obs_Value = 0;  Disclaimer: The data being submitted by UNDRR has been extracted from two sources: (a) the Sendai Framework Monitoring System as provided by designated national focal points; and (b) DesInventar disaster loss databases. Some of the data has not followed an official validation process and may be subject to revision at a later date.,"Direct economic loss in the housing sector attributed to disasters, by hazard type [1.5.2, 11.5.2]",USD,Obs_Value = 0;  Disclaimer: The data being submitted by UNDRR has been extracted from two sources: (a) the Sendai Framework Monitoring System as provided by designated national focal points; and (b) DesInventar disaster loss databases. Some of the data has not followed an official validation process and may be subject to revision at a later date.,0.0
2005,Disclaimer: The data being submitted by UNDRR has been extracted from two sources: (a) the Sendai Framework Monitoring System as provided by designated national focal points; and (b) DesInventar disaster loss databases. Some of the data has not followed an official validation process and may be subject to revision at a later date.,"Direct economic loss attributed to disasters relative to GDP [1.5.2, 11.5.2]",Percent,Disclaimer: The data being submitted by UNDRR has been extracted from two sources: (a) the Sendai Framework Monitoring System as provided by designated national focal points; and (b) DesInventar disaster loss databases. Some of the data has not followed an official validation process and may be subject to revision at a later date.,0.76388
2009,Obs_Value = 0;  Disclaimer: The data being submitted by UNDRR has been extracted from two sources: (a) the Sendai Framework Monitoring System as provided by designated national focal points; and (b) DesInventar disaster loss databases. Some of the data has not followed an official validation process and may be subject to revision at a later date.,"Direct economic loss attributed to disasters relative to GDP [1.5.2, 11.5.2]",Percent,Disclaimer: The data being submitted by UNDRR has been extracted from two sources: (a) the Sendai Framework Monitoring System as provided by designated national focal points; and (b) DesInventar disaster loss databases. Some of the data has not followed an official validation process and may be subject to revision at a later date.,0.0
2010,Obs_Value = 0;  Disclaimer: The data being submitted by UNDRR has been extracted from two sources: (a) the Sendai Framework Monitoring System as provided by designated national focal points; and (b) DesInventar disaster loss databases. Some of the data has not followed an official validation process and may be subject to revision at a later date.,"Direct economic loss attributed to disasters relative to GDP [1.5.2, 11.5.2]",Percent,Disclaimer: The data being submitted by UNDRR has been extracted from two sources: (a) the Sendai Framework Monitoring System as provided by designated national focal points; and (b) DesInventar disaster loss databases. Some of the data has not followed an official validation process and may be subject to revision at a later date.,0.0
2011,Obs_Value = 0;  Disclaimer: The data being submitted by UNDRR has been extracted from two sources: (a) the Sendai Framework Monitoring System as provided by designated national focal points; and (b) DesInventar disaster loss databases. Some of the data has not followed an official validation process and may be subject to revision at a later date.,"Direct economic loss attributed to disasters relative to GDP [1.5.2, 11.5.2]",Percent,Disclaimer: The data being submitted by UNDRR has been extracted from two sources: (a) the Sendai Framework Monitoring System as provided by designated national focal points; and (b) DesInventar disaster loss databases. Some of the data has not followed an official validation process and may be subject to revision at a later date.,0.0
2013,Disclaimer: The data being submitted by UNDRR has been extracted from two sources: (a) the Sendai Framework Monitoring System as provided by designated national focal points; and (b) DesInventar disaster loss databases. Some of the data has not followed an official validation process and may be subject to revision at a later date.,"Direct economic loss attributed to disasters relative to GDP [1.5.2, 11.5.2]",Percent,Disclaimer: The data being submitted by UNDRR has been extracted from two sources: (a) the Sendai Framework Monitoring System as provided by designated national focal points; and (b) DesInventar disaster loss databases. Some of the data has not followed an official validation process and may be subject to revision at a later date.,0.00191
2014,Disclaimer: The data being submitted by UNDRR has been extracted from two sources: (a) the Sendai Framework Monitoring System as provided by designated national focal points; and (b) DesInventar disaster loss databases. Some of the data has not followed an official validation process and may be subject to revision at a later date.,"Direct economic loss attributed to disasters relative to GDP [1.5.2, 11.5.2]",Percent,Disclaimer: The data being submitted by UNDRR has been extracted from two sources: (a) the Sendai Framework Monitoring System as provided by designated national focal points; and (b) DesInventar disaster loss databases. Some of the data has not followed an official validation process and may be subject to revision at a later date.,0.00071
2015,Disclaimer: The data being submitted by UNDRR has been extracted from two sources: (a) the Sendai Framework Monitoring System as provided by designated national focal points; and (b) DesInventar disaster loss databases. Some of the data has not followed an official validation process and may be subject to revision at a later date.,"Direct economic loss attributed to disasters relative to GDP [1.5.2, 11.5.2]",Percent,Disclaimer: The data being submitted by UNDRR has been extracted from two sources: (a) the Sendai Framework Monitoring System as provided by designated national focal points; and (b) DesInventar disaster loss databases. Some of the data has not followed an official validation process and may be subject to revision at a later date.,0.00446
2016,Disclaimer: The data being submitted by UNDRR has been extracted from two sources: (a) the Sendai Framework Monitoring System as provided by designated national focal points; and (b) DesInventar disaster loss databases. Some of the data has not followed an official validation process and may be subject to revision at a later date.,"Direct economic loss attributed to disasters relative to GDP [1.5.2, 11.5.2]",Percent,Disclaimer: The data being submitted by UNDRR has been extracted from two sources: (a) the Sendai Framework Monitoring System as provided by designated national focal points; and (b) DesInventar disaster loss databases. Some of the data has not followed an official validation process and may be subject to revision at a later date.,0.00174
2017,Obs_Value = 0;  Disclaimer: The data being submitted by UNDRR has been extracted from two sources: (a) the Sendai Framework Monitoring System as provided by designated national focal points; and (b) DesInventar disaster loss databases. Some of the data has not followed an official validation process and may be subject to revision at a later date.,"Direct economic loss attributed to disasters relative to GDP [1.5.2, 11.5.2]",Percent,Disclaimer: The data being submitted by UNDRR has been extracted from two sources: (a) the Sendai Framework Monitoring System as provided by designated national focal points; and (b) DesInventar disaster loss databases. Some of the data has not followed an official validation process and may be subject to revision at a later date.,0.0
2018,Disclaimer: The data being submitted by UNDRR has been extracted from two sources: (a) the Sendai Framework Monitoring System as provided by designated national focal points; and (b) DesInventar disaster loss databases. Some of the data has not followed an official validation process and may be subject to revision at a later date.,"Direct economic loss attributed to disasters relative to GDP [1.5.2, 11.5.2]",Percent,Disclaimer: The data being submitted by UNDRR has been extracted from two sources: (a) the Sendai Framework Monitoring System as provided by designated national focal points; and (b) DesInventar disaster loss databases. Some of the data has not followed an official validation process and may be subject to revision at a later date.,0.00121
2019,Disclaimer: The data being submitted by UNDRR has been extracted from two sources: (a) the Sendai Framework Monitoring System as provided by designated national focal points; and (b) DesInventar disaster loss databases. Some of the data has not followed an official validation process and may be subject to revision at a later date.,"Direct economic loss attributed to disasters relative to GDP [1.5.2, 11.5.2]",Percent,Disclaimer: The data being submitted by UNDRR has been extracted from two sources: (a) the Sendai Framework Monitoring System as provided by designated national focal points; and (b) DesInventar disaster loss databases. Some of the data has not followed an official validation process and may be subject to revision at a later date.,0.00107
