Year,SOURCE_DETAIL,SDG Series,Composite breakdown,Source details,Value
2000,African Development Bank Group Annual Report 2000,"Proportion of members of developing countries in international organizations, by organization [10.6.1, 16.8.1]",International Organisation: African Development Bank,African Development Bank Group Annual Report 2019,1.2987
2005,African Development Bank Group Annual Report 2005,"Proportion of members of developing countries in international organizations, by organization [10.6.1, 16.8.1]",International Organisation: African Development Bank,African Development Bank Group Annual Report 2019,1.2987
2010,African Development Bank Group Annual Report 2010,"Proportion of members of developing countries in international organizations, by organization [10.6.1, 16.8.1]",International Organisation: African Development Bank,African Development Bank Group Annual Report 2019,1.2987
2014,African Development Bank Group Annual Report 2014,"Proportion of members of developing countries in international organizations, by organization [10.6.1, 16.8.1]",International Organisation: African Development Bank,African Development Bank Group Annual Report 2019,1.26582
2015,African Development Bank Group Annual Report 2015,"Proportion of members of developing countries in international organizations, by organization [10.6.1, 16.8.1]",International Organisation: African Development Bank,African Development Bank Group Annual Report 2019,1.25
2016,African Development Bank Group Annual Report 2016,"Proportion of members of developing countries in international organizations, by organization [10.6.1, 16.8.1]",International Organisation: African Development Bank,African Development Bank Group Annual Report 2019,1.25
2017,African Development Bank Group Annual Report 2017,"Proportion of members of developing countries in international organizations, by organization [10.6.1, 16.8.1]",International Organisation: African Development Bank,African Development Bank Group Annual Report 2019,1.25
2018,African Development Bank Group Annual Report 2018,"Proportion of members of developing countries in international organizations, by organization [10.6.1, 16.8.1]",International Organisation: African Development Bank,African Development Bank Group Annual Report 2019,1.25
2019,African Development Bank Group Annual Report 2019,"Proportion of members of developing countries in international organizations, by organization [10.6.1, 16.8.1]",International Organisation: African Development Bank,African Development Bank Group Annual Report 2019,1.25
2019,Report of the Economic and Social Council on its 2019 Session (A/74/3),"Proportion of members of developing countries in international organizations, by organization [10.6.1, 16.8.1]",International Organisation: UN Economic and Social Council,Report of the Economic and Social Council on its 2020 Session (A/75/3/Rev.1),1.85185
2020,Report of the Economic and Social Council on its 2020 Session (A/75/3/Rev.1),"Proportion of members of developing countries in international organizations, by organization [10.6.1, 16.8.1]",International Organisation: UN Economic and Social Council,Report of the Economic and Social Council on its 2020 Session (A/75/3/Rev.1),1.85185
2021,Report of the Economic and Social Council on its 2020 Session (A/75/3/Rev.1),"Proportion of members of developing countries in international organizations, by organization [10.6.1, 16.8.1]",International Organisation: UN Economic and Social Council,Report of the Economic and Social Council on its 2020 Session (A/75/3/Rev.1),1.85185185185185
2000,The World Bank Annual Report 2000: Financial Statement and Appendixes to the Annual Report,"Proportion of members of developing countries in international organizations, by organization [10.6.1, 16.8.1]",International Organisation: International Bank for Reconstruction and Development,"International Bank for Reconstruction and Development Management’s Discussion & Analysis and Financial Statements June 30, 2021",0.54945
2005,"International Bank for Reconstruction and Development Management’s Discussion & Analysis and Financial Statements June 30, 2005","Proportion of members of developing countries in international organizations, by organization [10.6.1, 16.8.1]",International Organisation: International Bank for Reconstruction and Development,"International Bank for Reconstruction and Development Management’s Discussion & Analysis and Financial Statements June 30, 2021",0.54348
2010,"International Bank for Reconstruction and Development Management’s Discussion & Analysis and Financial Statements June 30, 2010","Proportion of members of developing countries in international organizations, by organization [10.6.1, 16.8.1]",International Organisation: International Bank for Reconstruction and Development,"International Bank for Reconstruction and Development Management’s Discussion & Analysis and Financial Statements June 30, 2021",0.53476
2015,"International Bank for Reconstruction and Development Management’s Discussion & Analysis and Financial Statements June 30, 2015","Proportion of members of developing countries in international organizations, by organization [10.6.1, 16.8.1]",International Organisation: International Bank for Reconstruction and Development,"International Bank for Reconstruction and Development Management’s Discussion & Analysis and Financial Statements June 30, 2021",0.53191
2016,"International Bank for Reconstruction and Development Management’s Discussion & Analysis and Financial Statements June 30, 2016","Proportion of members of developing countries in international organizations, by organization [10.6.1, 16.8.1]",International Organisation: International Bank for Reconstruction and Development,"International Bank for Reconstruction and Development Management’s Discussion & Analysis and Financial Statements June 30, 2021",0.53191
2017,"International Bank for Reconstruction and Development Management’s Discussion & Analysis and Financial Statements June 30, 2017","Proportion of members of developing countries in international organizations, by organization [10.6.1, 16.8.1]",International Organisation: International Bank for Reconstruction and Development,"International Bank for Reconstruction and Development Management’s Discussion & Analysis and Financial Statements June 30, 2021",0.5291
2018,"International Bank for Reconstruction and Development Management’s Discussion & Analysis and Financial Statements June 30, 2018","Proportion of members of developing countries in international organizations, by organization [10.6.1, 16.8.1]",International Organisation: International Bank for Reconstruction and Development,"International Bank for Reconstruction and Development Management’s Discussion & Analysis and Financial Statements June 30, 2021",0.5291
2019,"International Bank for Reconstruction and Development Management’s Discussion & Analysis and Financial Statements June 30, 2019 ","Proportion of members of developing countries in international organizations, by organization [10.6.1, 16.8.1]",International Organisation: International Bank for Reconstruction and Development,"International Bank for Reconstruction and Development Management’s Discussion & Analysis and Financial Statements June 30, 2021",0.5291
2020,"International Bank for Reconstruction and Development Management’s Discussion & Analysis and Financial Statements June 30, 2020","Proportion of members of developing countries in international organizations, by organization [10.6.1, 16.8.1]",International Organisation: International Bank for Reconstruction and Development,"International Bank for Reconstruction and Development Management’s Discussion & Analysis and Financial Statements June 30, 2021",0.5291
2021,"International Bank for Reconstruction and Development Management’s Discussion & Analysis and Financial Statements June 30, 2021","Proportion of members of developing countries in international organizations, by organization [10.6.1, 16.8.1]",International Organisation: International Bank for Reconstruction and Development,"International Bank for Reconstruction and Development Management’s Discussion & Analysis and Financial Statements June 30, 2021",0.5291
2000,IFC 2000 Annual Report Volume 2,"Proportion of members of developing countries in international organizations, by organization [10.6.1, 16.8.1]",International Organisation: International Finance Corporation,IFC 2021 Annual Report Volume 2,0.57471
2005,IFC 2005 Annual Report Volume 2,"Proportion of members of developing countries in international organizations, by organization [10.6.1, 16.8.1]",International Organisation: International Finance Corporation,IFC 2021 Annual Report Volume 2,0.5618
2010,IFC 2010 Annual Report Volume 2,"Proportion of members of developing countries in international organizations, by organization [10.6.1, 16.8.1]",International Organisation: International Finance Corporation,IFC 2021 Annual Report Volume 2,0.54945
2015,IFC 2015 Annual Report Volume 2,"Proportion of members of developing countries in international organizations, by organization [10.6.1, 16.8.1]",International Organisation: International Finance Corporation,IFC 2021 Annual Report Volume 2,0.54348
2016,IFC 2016 Annual Report Volume 2,"Proportion of members of developing countries in international organizations, by organization [10.6.1, 16.8.1]",International Organisation: International Finance Corporation,IFC 2021 Annual Report Volume 2,0.54348
2017,IFC 2017 Annual Report Volume 2,"Proportion of members of developing countries in international organizations, by organization [10.6.1, 16.8.1]",International Organisation: International Finance Corporation,IFC 2021 Annual Report Volume 2,0.54348
2018,IFC 2018 Annual Report Volume 2,"Proportion of members of developing countries in international organizations, by organization [10.6.1, 16.8.1]",International Organisation: International Finance Corporation,IFC 2021 Annual Report Volume 2,0.54348
2019,IFC 2019 Annual Report Volume 2,"Proportion of members of developing countries in international organizations, by organization [10.6.1, 16.8.1]",International Organisation: International Finance Corporation,IFC 2021 Annual Report Volume 2,0.5435
2020,IFC 2020 Annual Report Volume 2,"Proportion of members of developing countries in international organizations, by organization [10.6.1, 16.8.1]",International Organisation: International Finance Corporation,IFC 2021 Annual Report Volume 2,0.54054
2021,IFC 2021 Annual Report Volume 2,"Proportion of members of developing countries in international organizations, by organization [10.6.1, 16.8.1]",International Organisation: International Finance Corporation,IFC 2021 Annual Report Volume 2,0.54054
2000,IMF Annual Report 2000,"Proportion of members of developing countries in international organizations, by organization [10.6.1, 16.8.1]",International Organisation: International Monetary Fund,IMF Annual Report 2021,0.5618
2005,IMF Annual Report 2005,"Proportion of members of developing countries in international organizations, by organization [10.6.1, 16.8.1]",International Organisation: International Monetary Fund,IMF Annual Report 2021,0.55249
2010,IMF Annual Report 2010,"Proportion of members of developing countries in international organizations, by organization [10.6.1, 16.8.1]",International Organisation: International Monetary Fund,IMF Annual Report 2021,0.54945
2015,IMF Annual Report 2015,"Proportion of members of developing countries in international organizations, by organization [10.6.1, 16.8.1]",International Organisation: International Monetary Fund,IMF Annual Report 2021,0.53191
2016,IMF Annual Report 2016,"Proportion of members of developing countries in international organizations, by organization [10.6.1, 16.8.1]",International Organisation: International Monetary Fund,IMF Annual Report 2021,0.53191
2017,IMF Annual Report 2017,"Proportion of members of developing countries in international organizations, by organization [10.6.1, 16.8.1]",International Organisation: International Monetary Fund,IMF Annual Report 2021,0.5291
2018,IMF Annual Report 2018,"Proportion of members of developing countries in international organizations, by organization [10.6.1, 16.8.1]",International Organisation: International Monetary Fund,IMF Annual Report 2021,0.5291
2019,IMF Annual Report 2019,"Proportion of members of developing countries in international organizations, by organization [10.6.1, 16.8.1]",International Organisation: International Monetary Fund,IMF Annual Report 2021,0.5291
2020,IMF Annual Report 2020,"Proportion of members of developing countries in international organizations, by organization [10.6.1, 16.8.1]",International Organisation: International Monetary Fund,IMF Annual Report 2021,0.5291
2021,IMF Annual Report 2021,"Proportion of members of developing countries in international organizations, by organization [10.6.1, 16.8.1]",International Organisation: International Monetary Fund,IMF Annual Report 2021,0.52632
2000,UN General Assembly website http://www.un.org/en/member-states/index.html,"Proportion of members of developing countries in international organizations, by organization [10.6.1, 16.8.1]",International Organisation: UN General Assembly,UN General Assembly website http://www.un.org/en/member-states/index.html,0.5291
2005,UN General Assembly website http://www.un.org/en/member-states/index.html,"Proportion of members of developing countries in international organizations, by organization [10.6.1, 16.8.1]",International Organisation: UN General Assembly,UN General Assembly website http://www.un.org/en/member-states/index.html,0.52356
2010,UN General Assembly website http://www.un.org/en/member-states/index.html,"Proportion of members of developing countries in international organizations, by organization [10.6.1, 16.8.1]",International Organisation: UN General Assembly,UN General Assembly website http://www.un.org/en/member-states/index.html,0.52083
2015,UN General Assembly website http://www.un.org/en/member-states/index.html,"Proportion of members of developing countries in international organizations, by organization [10.6.1, 16.8.1]",International Organisation: UN General Assembly,UN General Assembly website http://www.un.org/en/member-states/index.html,0.51813
2016,UN General Assembly website http://www.un.org/en/member-states/index.html,"Proportion of members of developing countries in international organizations, by organization [10.6.1, 16.8.1]",International Organisation: UN General Assembly,UN General Assembly website http://www.un.org/en/member-states/index.html,0.51813
2017,UN General Assembly website http://www.un.org/en/member-states/index.html,"Proportion of members of developing countries in international organizations, by organization [10.6.1, 16.8.1]",International Organisation: UN General Assembly,UN General Assembly website http://www.un.org/en/member-states/index.html,0.51813
2018,UN General Assembly website http://www.un.org/en/member-states/index.html,"Proportion of members of developing countries in international organizations, by organization [10.6.1, 16.8.1]",International Organisation: UN General Assembly,UN General Assembly website http://www.un.org/en/member-states/index.html,0.51813
2019,UN General Assembly website http://www.un.org/en/member-states/index.html,"Proportion of members of developing countries in international organizations, by organization [10.6.1, 16.8.1]",International Organisation: UN General Assembly,UN General Assembly website http://www.un.org/en/member-states/index.html,0.51813
2020,UN General Assembly website http://www.un.org/en/member-states/index.html,"Proportion of members of developing countries in international organizations, by organization [10.6.1, 16.8.1]",International Organisation: UN General Assembly,UN General Assembly website http://www.un.org/en/member-states/index.html,0.51813
2021,UN General Assembly website http://www.un.org/en/member-states/index.html,"Proportion of members of developing countries in international organizations, by organization [10.6.1, 16.8.1]",International Organisation: UN General Assembly,UN General Assembly website http://www.un.org/en/member-states/index.html,0.51813
2017,Report of the Security Council for 2017 (A/72/2),"Proportion of members of developing countries in international organizations, by organization [10.6.1, 16.8.1]",International Organisation: UN Security Council,Report of the Security Council for 2018 (A/73/2),6.66667
2018,Report of the Security Council for 2018 (A/73/2),"Proportion of members of developing countries in international organizations, by organization [10.6.1, 16.8.1]",International Organisation: UN Security Council,Report of the Security Council for 2018 (A/73/2),6.66667
2000,African Development Bank Group Annual Report 2000,"Proportion of voting rights of developing countries in international organizations, by organization [10.6.1, 16.8.1]",International Organisation: African Development Bank,African Development Bank Group Annual Report 2019,1.685
2005,African Development Bank Group Annual Report 2005,"Proportion of voting rights of developing countries in international organizations, by organization [10.6.1, 16.8.1]",International Organisation: African Development Bank,African Development Bank Group Annual Report 2019,1.602
2010,African Development Bank Group Annual Report 2010,"Proportion of voting rights of developing countries in international organizations, by organization [10.6.1, 16.8.1]",International Organisation: African Development Bank,African Development Bank Group Annual Report 2019,1.57
2014,African Development Bank Group Annual Report 2014,"Proportion of voting rights of developing countries in international organizations, by organization [10.6.1, 16.8.1]",International Organisation: African Development Bank,African Development Bank Group Annual Report 2019,1.587
2015,African Development Bank Group Annual Report 2015,"Proportion of voting rights of developing countries in international organizations, by organization [10.6.1, 16.8.1]",International Organisation: African Development Bank,African Development Bank Group Annual Report 2019,1.58
2016,African Development Bank Group Annual Report 2016,"Proportion of voting rights of developing countries in international organizations, by organization [10.6.1, 16.8.1]",International Organisation: African Development Bank,African Development Bank Group Annual Report 2019,1.5764
2017,African Development Bank Group Annual Report 2017,"Proportion of voting rights of developing countries in international organizations, by organization [10.6.1, 16.8.1]",International Organisation: African Development Bank,African Development Bank Group Annual Report 2019,1.5764
2018,African Development Bank Group Annual Report 2018,"Proportion of voting rights of developing countries in international organizations, by organization [10.6.1, 16.8.1]",International Organisation: African Development Bank,African Development Bank Group Annual Report 2019,1.5851
2019,African Development Bank Group Annual Report 2019,"Proportion of voting rights of developing countries in international organizations, by organization [10.6.1, 16.8.1]",International Organisation: African Development Bank,African Development Bank Group Annual Report 2019,1.58816
2019,Report of the Economic and Social Council on its 2019 Session (A/74/3),"Proportion of voting rights of developing countries in international organizations, by organization [10.6.1, 16.8.1]",International Organisation: UN Economic and Social Council,Report of the Economic and Social Council on its 2020 Session (A/75/3/Rev.1),1.85185
2020,Report of the Economic and Social Council on its 2020 Session (A/75/3/Rev.1),"Proportion of voting rights of developing countries in international organizations, by organization [10.6.1, 16.8.1]",International Organisation: UN Economic and Social Council,Report of the Economic and Social Council on its 2020 Session (A/75/3/Rev.1),1.85185
2021,Report of the Economic and Social Council on its 2020 Session (A/75/3/Rev.1),"Proportion of voting rights of developing countries in international organizations, by organization [10.6.1, 16.8.1]",International Organisation: UN Economic and Social Council,Report of the Economic and Social Council on its 2020 Session (A/75/3/Rev.1),1.85185
2000,The World Bank Annual Report 2000: Financial Statement and Appendixes to the Annual Report,"Proportion of voting rights of developing countries in international organizations, by organization [10.6.1, 16.8.1]",International Organisation: International Bank for Reconstruction and Development,"International Bank for Reconstruction and Development Management’s Discussion & Analysis and Financial Statements June 30, 2021",0.0763
2005,"International Bank for Reconstruction and Development Management’s Discussion & Analysis and Financial Statements June 30, 2005","Proportion of voting rights of developing countries in international organizations, by organization [10.6.1, 16.8.1]",International Organisation: International Bank for Reconstruction and Development,"International Bank for Reconstruction and Development Management’s Discussion & Analysis and Financial Statements June 30, 2021",0.0759
2010,"International Bank for Reconstruction and Development Management’s Discussion & Analysis and Financial Statements June 30, 2010","Proportion of voting rights of developing countries in international organizations, by organization [10.6.1, 16.8.1]",International Organisation: International Bank for Reconstruction and Development,"International Bank for Reconstruction and Development Management’s Discussion & Analysis and Financial Statements June 30, 2021",0.0757
2015,"International Bank for Reconstruction and Development Management’s Discussion & Analysis and Financial Statements June 30, 2015","Proportion of voting rights of developing countries in international organizations, by organization [10.6.1, 16.8.1]",International Organisation: International Bank for Reconstruction and Development,"International Bank for Reconstruction and Development Management’s Discussion & Analysis and Financial Statements June 30, 2021",0.0736
2016,"International Bank for Reconstruction and Development Management’s Discussion & Analysis and Financial Statements June 30, 2016","Proportion of voting rights of developing countries in international organizations, by organization [10.6.1, 16.8.1]",International Organisation: International Bank for Reconstruction and Development,"International Bank for Reconstruction and Development Management’s Discussion & Analysis and Financial Statements June 30, 2021",0.07
2017,"International Bank for Reconstruction and Development Management’s Discussion & Analysis and Financial Statements June 30, 2017","Proportion of voting rights of developing countries in international organizations, by organization [10.6.1, 16.8.1]",International Organisation: International Bank for Reconstruction and Development,"International Bank for Reconstruction and Development Management’s Discussion & Analysis and Financial Statements June 30, 2021",0.0785
2018,"International Bank for Reconstruction and Development Management’s Discussion & Analysis and Financial Statements June 30, 2018","Proportion of voting rights of developing countries in international organizations, by organization [10.6.1, 16.8.1]",International Organisation: International Bank for Reconstruction and Development,"International Bank for Reconstruction and Development Management’s Discussion & Analysis and Financial Statements June 30, 2021",0.0903
2019,"International Bank for Reconstruction and Development Management’s Discussion & Analysis and Financial Statements June 30, 2019 ","Proportion of voting rights of developing countries in international organizations, by organization [10.6.1, 16.8.1]",International Organisation: International Bank for Reconstruction and Development,"International Bank for Reconstruction and Development Management’s Discussion & Analysis and Financial Statements June 30, 2021",0.0892
2020,"International Bank for Reconstruction and Development Management’s Discussion & Analysis and Financial Statements June 30, 2020","Proportion of voting rights of developing countries in international organizations, by organization [10.6.1, 16.8.1]",International Organisation: International Bank for Reconstruction and Development,"International Bank for Reconstruction and Development Management’s Discussion & Analysis and Financial Statements June 30, 2021",0.08751
2021,"International Bank for Reconstruction and Development Management’s Discussion & Analysis and Financial Statements June 30, 2021","Proportion of voting rights of developing countries in international organizations, by organization [10.6.1, 16.8.1]",International Organisation: International Bank for Reconstruction and Development,"International Bank for Reconstruction and Development Management’s Discussion & Analysis and Financial Statements June 30, 2021",0.0854
2000,IFC 2000 Annual Report Volume 2,"Proportion of voting rights of developing countries in international organizations, by organization [10.6.1, 16.8.1]",International Organisation: International Finance Corporation,IFC 2021 Annual Report Volume 2,0.0157
2005,IFC 2005 Annual Report Volume 2,"Proportion of voting rights of developing countries in international organizations, by organization [10.6.1, 16.8.1]",International Organisation: International Finance Corporation,IFC 2021 Annual Report Volume 2,0.0157
2010,IFC 2010 Annual Report Volume 2,"Proportion of voting rights of developing countries in international organizations, by organization [10.6.1, 16.8.1]",International Organisation: International Finance Corporation,IFC 2021 Annual Report Volume 2,0.0156
2015,IFC 2015 Annual Report Volume 2,"Proportion of voting rights of developing countries in international organizations, by organization [10.6.1, 16.8.1]",International Organisation: International Finance Corporation,IFC 2021 Annual Report Volume 2,0.03485
2016,IFC 2016 Annual Report Volume 2,"Proportion of voting rights of developing countries in international organizations, by organization [10.6.1, 16.8.1]",International Organisation: International Finance Corporation,IFC 2021 Annual Report Volume 2,0.03485
2017,IFC 2017 Annual Report Volume 2,"Proportion of voting rights of developing countries in international organizations, by organization [10.6.1, 16.8.1]",International Organisation: International Finance Corporation,IFC 2021 Annual Report Volume 2,0.03485
2018,IFC 2018 Annual Report Volume 2,"Proportion of voting rights of developing countries in international organizations, by organization [10.6.1, 16.8.1]",International Organisation: International Finance Corporation,IFC 2021 Annual Report Volume 2,0.0349
2019,IFC 2019 Annual Report Volume 2,"Proportion of voting rights of developing countries in international organizations, by organization [10.6.1, 16.8.1]",International Organisation: International Finance Corporation,IFC 2021 Annual Report Volume 2,0.0344
2020,IFC 2020 Annual Report Volume 2,"Proportion of voting rights of developing countries in international organizations, by organization [10.6.1, 16.8.1]",International Organisation: International Finance Corporation,IFC 2021 Annual Report Volume 2,0.03467
2021,IFC 2021 Annual Report Volume 2,"Proportion of voting rights of developing countries in international organizations, by organization [10.6.1, 16.8.1]",International Organisation: International Finance Corporation,IFC 2021 Annual Report Volume 2,0.03437
2000,IMF Annual Report 2000,"Proportion of voting rights of developing countries in international organizations, by organization [10.6.1, 16.8.1]",International Organisation: International Monetary Fund,IMF Annual Report 2021,0.0741
2005,IMF Annual Report 2005,"Proportion of voting rights of developing countries in international organizations, by organization [10.6.1, 16.8.1]",International Organisation: International Monetary Fund,IMF Annual Report 2021,0.073
2010,IMF Annual Report 2010,"Proportion of voting rights of developing countries in international organizations, by organization [10.6.1, 16.8.1]",International Organisation: International Monetary Fund,IMF Annual Report 2021,0.0717
2015,IMF Annual Report 2015,"Proportion of voting rights of developing countries in international organizations, by organization [10.6.1, 16.8.1]",International Organisation: International Monetary Fund,IMF Annual Report 2021,0.0823
2016,IMF Annual Report 2016,"Proportion of voting rights of developing countries in international organizations, by organization [10.6.1, 16.8.1]",International Organisation: International Monetary Fund,IMF Annual Report 2021,0.089
2017,IMF Annual Report 2017,"Proportion of voting rights of developing countries in international organizations, by organization [10.6.1, 16.8.1]",International Organisation: International Monetary Fund,IMF Annual Report 2021,0.0889
2018,IMF Annual Report 2018,"Proportion of voting rights of developing countries in international organizations, by organization [10.6.1, 16.8.1]",International Organisation: International Monetary Fund,IMF Annual Report 2021,0.0889
2019,IMF Annual Report 2019,"Proportion of voting rights of developing countries in international organizations, by organization [10.6.1, 16.8.1]",International Organisation: International Monetary Fund,IMF Annual Report 2021,0.08888
2020,IMF Annual Report 2020,"Proportion of voting rights of developing countries in international organizations, by organization [10.6.1, 16.8.1]",International Organisation: International Monetary Fund,IMF Annual Report 2021,0.08885
2021,IMF Annual Report 2021,"Proportion of voting rights of developing countries in international organizations, by organization [10.6.1, 16.8.1]",International Organisation: International Monetary Fund,IMF Annual Report 2021,0.08861
2000,UN General Assembly website http://www.un.org/en/member-states/index.html,"Proportion of voting rights of developing countries in international organizations, by organization [10.6.1, 16.8.1]",International Organisation: UN General Assembly,UN General Assembly website http://www.un.org/en/member-states/index.html,0.5291
2005,UN General Assembly website http://www.un.org/en/member-states/index.html,"Proportion of voting rights of developing countries in international organizations, by organization [10.6.1, 16.8.1]",International Organisation: UN General Assembly,UN General Assembly website http://www.un.org/en/member-states/index.html,0.5236
2010,UN General Assembly website http://www.un.org/en/member-states/index.html,"Proportion of voting rights of developing countries in international organizations, by organization [10.6.1, 16.8.1]",International Organisation: UN General Assembly,UN General Assembly website http://www.un.org/en/member-states/index.html,0.5208
2015,UN General Assembly website http://www.un.org/en/member-states/index.html,"Proportion of voting rights of developing countries in international organizations, by organization [10.6.1, 16.8.1]",International Organisation: UN General Assembly,UN General Assembly website http://www.un.org/en/member-states/index.html,0.5181
2016,UN General Assembly website http://www.un.org/en/member-states/index.html,"Proportion of voting rights of developing countries in international organizations, by organization [10.6.1, 16.8.1]",International Organisation: UN General Assembly,UN General Assembly website http://www.un.org/en/member-states/index.html,0.5181
2017,UN General Assembly website http://www.un.org/en/member-states/index.html,"Proportion of voting rights of developing countries in international organizations, by organization [10.6.1, 16.8.1]",International Organisation: UN General Assembly,UN General Assembly website http://www.un.org/en/member-states/index.html,0.5181
2018,UN General Assembly website http://www.un.org/en/member-states/index.html,"Proportion of voting rights of developing countries in international organizations, by organization [10.6.1, 16.8.1]",International Organisation: UN General Assembly,UN General Assembly website http://www.un.org/en/member-states/index.html,0.5181
2019,UN General Assembly website http://www.un.org/en/member-states/index.html,"Proportion of voting rights of developing countries in international organizations, by organization [10.6.1, 16.8.1]",International Organisation: UN General Assembly,UN General Assembly website http://www.un.org/en/member-states/index.html,0.5181
2020,UN General Assembly website http://www.un.org/en/member-states/index.html,"Proportion of voting rights of developing countries in international organizations, by organization [10.6.1, 16.8.1]",International Organisation: UN General Assembly,UN General Assembly website http://www.un.org/en/member-states/index.html,0.5181
2021,UN General Assembly website http://www.un.org/en/member-states/index.html,"Proportion of voting rights of developing countries in international organizations, by organization [10.6.1, 16.8.1]",International Organisation: UN General Assembly,UN General Assembly website http://www.un.org/en/member-states/index.html,0.51813
2017,Report of the Security Council for 2017 (A/72/2),"Proportion of voting rights of developing countries in international organizations, by organization [10.6.1, 16.8.1]",International Organisation: UN Security Council,Report of the Security Council for 2018 (A/73/2),6.6667
2018,Report of the Security Council for 2018 (A/73/2),"Proportion of voting rights of developing countries in international organizations, by organization [10.6.1, 16.8.1]",International Organisation: UN Security Council,Report of the Security Council for 2018 (A/73/2),6.6667
