Year,Composite breakdown,Value
2019,,3
2021,,3
2019,Policy Domain 1. Migrant rights,2
2021,Policy Domain 1. Migrant rights,2
2019,Policy Domain 2. Whole-of-government/ Evidence-based policies,4
2021,Policy Domain 2. Whole-of-government/ Evidence-based policies,3
2019,Policy Domain 3. Cooperation and partnerships,4
2021,Policy Domain 3. Cooperation and partnerships,4
2019,Policy Domain 4. Socioeconomic well-being,3
2021,Policy Domain 4. Socioeconomic well-being,4
2019,Policy Domain 5. Mobility dimensions of crises,4
2021,Policy Domain 5. Mobility dimensions of crises,4
2019,"Policy Domain 6. Safe, orderly and regular migration",4
2021,"Policy Domain 6. Safe, orderly and regular migration",3
