Year,COMMENT_OBS,SDG Series,Unit of measure,Observation-level footnotes,Value
2015,Disclaimer: The data being submitted by UNDRR has been extracted from the Sendai Framework Monitoring System as provided by designated national focal points. Some of the data has not followed an official validation process and may be subject to revision at a later date.,"Number of local governments that adopt and implement local DRR strategies in line with national strategies [1.5.4, 11.b.2, 13.1.3]",Number,Obs_Value = 0;  Disclaimer: The data being submitted by UNDRR has been extracted from the Sendai Framework Monitoring System as provided by designated national focal points. Some of the data has not followed an official validation process and may be subject to revision at a later date.,9.0
2018,Disclaimer: The data being submitted by UNDRR has been extracted from the Sendai Framework Monitoring System as provided by designated national focal points. Some of the data has not followed an official validation process and may be subject to revision at a later date.,"Number of local governments that adopt and implement local DRR strategies in line with national strategies [1.5.4, 11.b.2, 13.1.3]",Number,Obs_Value = 0;  Disclaimer: The data being submitted by UNDRR has been extracted from the Sendai Framework Monitoring System as provided by designated national focal points. Some of the data has not followed an official validation process and may be subject to revision at a later date.,2.0
2019,Obs_Value = 0;  Disclaimer: The data being submitted by UNDRR has been extracted from the Sendai Framework Monitoring System as provided by designated national focal points. Some of the data has not followed an official validation process and may be subject to revision at a later date.,"Number of local governments that adopt and implement local DRR strategies in line with national strategies [1.5.4, 11.b.2, 13.1.3]",Number,Obs_Value = 0;  Disclaimer: The data being submitted by UNDRR has been extracted from the Sendai Framework Monitoring System as provided by designated national focal points. Some of the data has not followed an official validation process and may be subject to revision at a later date.,0.0
2015,Disclaimer: The data being submitted by UNDRR has been extracted from the Sendai Framework Monitoring System as provided by designated national focal points. Some of the data has not followed an official validation process and may be subject to revision at a later date.,"Proportion of local governments that adopt and implement local disaster risk reduction strategies in line with national disaster risk reduction strategies [1.5.4, 11.b.2, 13.1.3]",Percent,Obs_Value = 0;  Disclaimer: The data being submitted by UNDRR has been extracted from the Sendai Framework Monitoring System as provided by designated national focal points. Some of the data has not followed an official validation process and may be subject to revision at a later date.,100.0
2018,Disclaimer: The data being submitted by UNDRR has been extracted from the Sendai Framework Monitoring System as provided by designated national focal points. Some of the data has not followed an official validation process and may be subject to revision at a later date.,"Proportion of local governments that adopt and implement local disaster risk reduction strategies in line with national disaster risk reduction strategies [1.5.4, 11.b.2, 13.1.3]",Percent,Obs_Value = 0;  Disclaimer: The data being submitted by UNDRR has been extracted from the Sendai Framework Monitoring System as provided by designated national focal points. Some of the data has not followed an official validation process and may be subject to revision at a later date.,22.22222
2019,Obs_Value = 0;  Disclaimer: The data being submitted by UNDRR has been extracted from the Sendai Framework Monitoring System as provided by designated national focal points. Some of the data has not followed an official validation process and may be subject to revision at a later date.,"Proportion of local governments that adopt and implement local disaster risk reduction strategies in line with national disaster risk reduction strategies [1.5.4, 11.b.2, 13.1.3]",Percent,Obs_Value = 0;  Disclaimer: The data being submitted by UNDRR has been extracted from the Sendai Framework Monitoring System as provided by designated national focal points. Some of the data has not followed an official validation process and may be subject to revision at a later date.,0.0
2015,Disclaimer: The data being submitted by UNDRR has been extracted from the Sendai Framework Monitoring System as provided by designated national focal points. Some of the data has not followed an official validation process and may be subject to revision at a later date.,"Number of local governments [1.5.4, 11.b.2, 13.1.3]",Number,Disclaimer: The data being submitted by UNDRR has been extracted from the Sendai Framework Monitoring System as provided by designated national focal points. Some of the data has not followed an official validation process and may be subject to revision at a later date.,9.0
2018,Disclaimer: The data being submitted by UNDRR has been extracted from the Sendai Framework Monitoring System as provided by designated national focal points. Some of the data has not followed an official validation process and may be subject to revision at a later date.,"Number of local governments [1.5.4, 11.b.2, 13.1.3]",Number,Disclaimer: The data being submitted by UNDRR has been extracted from the Sendai Framework Monitoring System as provided by designated national focal points. Some of the data has not followed an official validation process and may be subject to revision at a later date.,9.0
2019,Disclaimer: The data being submitted by UNDRR has been extracted from the Sendai Framework Monitoring System as provided by designated national focal points. Some of the data has not followed an official validation process and may be subject to revision at a later date.,"Number of local governments [1.5.4, 11.b.2, 13.1.3]",Number,Disclaimer: The data being submitted by UNDRR has been extracted from the Sendai Framework Monitoring System as provided by designated national focal points. Some of the data has not followed an official validation process and may be subject to revision at a later date.,9.0
