Year,SDG Series,Value
2016,Proportion of project objectives in new development interventions drawn from country-led result frameworks - data by recipient [17.15.1],94.2
2018,Proportion of project objectives in new development interventions drawn from country-led result frameworks - data by recipient [17.15.1],95.04132
2016,Proportion of results indicators drawn from country-led results frameworks - data by recipient (%) [17.15.1],82.8
2018,Proportion of results indicators drawn from country-led results frameworks - data by recipient (%) [17.15.1],77.86489
2016,Proportion of results indicators which will be monitored using government sources and monitoring systems - data by recipient (%) [17.15.1],70.1
2018,Proportion of results indicators which will be monitored using government sources and monitoring systems - data by recipient (%) [17.15.1],73.05095
2016,Extent of use of country-owned results frameworks and planning tools by providers of development cooperation - data by recipient (%)  [17.15.1],82.36667
2018,Extent of use of country-owned results frameworks and planning tools by providers of development cooperation - data by recipient (%)  [17.15.1],81.98572
