Year,NATURE,SOURCE_DETAIL,SDG Series,Composite breakdown,Unit of measure,Nature of data points,Source details,Observation-level footnotes,COMMENT_OBS,Value
2003,E,"Data based on the World Telecommunication/ICT Indicators Database, 2021, International Telecommunication Union (ITU)",Fixed broadband subscriptions per 100 inhabitants [17.6.1],,Per 100 population,Estimated,"Data based on the World Telecommunication/ICT Indicators Database, 2021, International Telecommunication Union (ITU)",,,8e-05
2004,E,"Data based on the World Telecommunication/ICT Indicators Database, 2021, International Telecommunication Union (ITU)",Fixed broadband subscriptions per 100 inhabitants [17.6.1],,Per 100 population,Estimated,"Data based on the World Telecommunication/ICT Indicators Database, 2021, International Telecommunication Union (ITU)",,,5e-05
2005,E,"Data based on the World Telecommunication/ICT Indicators Database, 2021, International Telecommunication Union (ITU)",Fixed broadband subscriptions per 100 inhabitants [17.6.1],,Per 100 population,Estimated,"Data based on the World Telecommunication/ICT Indicators Database, 2021, International Telecommunication Union (ITU)",,,8e-05
2006,E,"Data based on the World Telecommunication/ICT Indicators Database, 2021, International Telecommunication Union (ITU)",Fixed broadband subscriptions per 100 inhabitants [17.6.1],,Per 100 population,Estimated,"Data based on the World Telecommunication/ICT Indicators Database, 2021, International Telecommunication Union (ITU)",,,0.00033
2007,E,"Data based on the World Telecommunication/ICT Indicators Database, 2021, International Telecommunication Union (ITU)",Fixed broadband subscriptions per 100 inhabitants [17.6.1],,Per 100 population,Estimated,"Data based on the World Telecommunication/ICT Indicators Database, 2021, International Telecommunication Union (ITU)",,,0.00128
2008,E,"Data based on the World Telecommunication/ICT Indicators Database, 2021, International Telecommunication Union (ITU)",Fixed broadband subscriptions per 100 inhabitants [17.6.1],,Per 100 population,Estimated,"Data based on the World Telecommunication/ICT Indicators Database, 2021, International Telecommunication Union (ITU)",,,0.0018
2009,E,"Data based on the World Telecommunication/ICT Indicators Database, 2021, International Telecommunication Union (ITU)",Fixed broadband subscriptions per 100 inhabitants [17.6.1],,Per 100 population,Estimated,"Data based on the World Telecommunication/ICT Indicators Database, 2021, International Telecommunication Union (ITU)",,,0.0041
2010,E,"Data based on the World Telecommunication/ICT Indicators Database, 2021, International Telecommunication Union (ITU)",Fixed broadband subscriptions per 100 inhabitants [17.6.1],,Per 100 population,Estimated,"Data based on the World Telecommunication/ICT Indicators Database, 2021, International Telecommunication Union (ITU)",,,0.00469
2011,E,"Data based on the World Telecommunication/ICT Indicators Database, 2021, International Telecommunication Union (ITU)",Fixed broadband subscriptions per 100 inhabitants [17.6.1],,Per 100 population,Estimated,"Data based on the World Telecommunication/ICT Indicators Database, 2021, International Telecommunication Union (ITU)",,,0.00705
2012,E,"Data based on the World Telecommunication/ICT Indicators Database, 2021, International Telecommunication Union (ITU)",Fixed broadband subscriptions per 100 inhabitants [17.6.1],,Per 100 population,Estimated,"Data based on the World Telecommunication/ICT Indicators Database, 2021, International Telecommunication Union (ITU)",,,0.0092
2013,E,"Data based on the World Telecommunication/ICT Indicators Database, 2021, International Telecommunication Union (ITU)",Fixed broadband subscriptions per 100 inhabitants [17.6.1],,Per 100 population,Estimated,"Data based on the World Telecommunication/ICT Indicators Database, 2021, International Telecommunication Union (ITU)",,,0.24958
2014,E,"Data based on the World Telecommunication/ICT Indicators Database, 2021, International Telecommunication Union (ITU)",Fixed broadband subscriptions per 100 inhabitants [17.6.1],,Per 100 population,Estimated,"Data based on the World Telecommunication/ICT Indicators Database, 2021, International Telecommunication Union (ITU)",,,0.48044
2015,E,"Data based on the World Telecommunication/ICT Indicators Database, 2021, International Telecommunication Union (ITU)",Fixed broadband subscriptions per 100 inhabitants [17.6.1],,Per 100 population,Estimated,"Data based on the World Telecommunication/ICT Indicators Database, 2021, International Telecommunication Union (ITU)",,,0.47404
2016,E,"Data based on the World Telecommunication/ICT Indicators Database, 2021, International Telecommunication Union (ITU)",Fixed broadband subscriptions per 100 inhabitants [17.6.1],,Per 100 population,Estimated,"Data based on the World Telecommunication/ICT Indicators Database, 2021, International Telecommunication Union (ITU)",,,0.53956
2017,E,"Data based on the World Telecommunication/ICT Indicators Database, 2021, International Telecommunication Union (ITU)",Fixed broadband subscriptions per 100 inhabitants [17.6.1],,Per 100 population,Estimated,"Data based on the World Telecommunication/ICT Indicators Database, 2021, International Telecommunication Union (ITU)",,,0.05916
2019,E,"Data based on the World Telecommunication/ICT Indicators Database, 2021, International Telecommunication Union (ITU)",Fixed broadband subscriptions per 100 inhabitants [17.6.1],,Per 100 population,Estimated,"Data based on the World Telecommunication/ICT Indicators Database, 2021, International Telecommunication Union (ITU)",,,0.14186
2020,E,"Data based on the World Telecommunication/ICT Indicators Database, 2021, International Telecommunication Union (ITU)",Fixed broadband subscriptions per 100 inhabitants [17.6.1],,Per 100 population,Estimated,"Data based on the World Telecommunication/ICT Indicators Database, 2021, International Telecommunication Union (ITU)",,,0.18441
2014,E,"Data based on the World Telecommunication/ICT Indicators Database, 2021, International Telecommunication Union (ITU)",Fixed broadband subscriptions per 100 inhabitants [17.6.1],Internet speed: 256 kbit/s to less than 2 Mbit/s,Per 100 population,Estimated,"Data based on the World Telecommunication/ICT Indicators Database, 2021, International Telecommunication Union (ITU)",,,0.09609
2015,E,"Data based on the World Telecommunication/ICT Indicators Database, 2021, International Telecommunication Union (ITU)",Fixed broadband subscriptions per 100 inhabitants [17.6.1],Internet speed: 256 kbit/s to less than 2 Mbit/s,Per 100 population,Estimated,"Data based on the World Telecommunication/ICT Indicators Database, 2021, International Telecommunication Union (ITU)",,,0.10339
2016,E,"Data based on the World Telecommunication/ICT Indicators Database, 2021, International Telecommunication Union (ITU)",Fixed broadband subscriptions per 100 inhabitants [17.6.1],Internet speed: 256 kbit/s to less than 2 Mbit/s,Per 100 population,Estimated,"Data based on the World Telecommunication/ICT Indicators Database, 2021, International Telecommunication Union (ITU)",,,0.12476
2017,E,"Data based on the World Telecommunication/ICT Indicators Database, 2021, International Telecommunication Union (ITU)",Fixed broadband subscriptions per 100 inhabitants [17.6.1],Internet speed: 256 kbit/s to less than 2 Mbit/s,Per 100 population,Estimated,"Data based on the World Telecommunication/ICT Indicators Database, 2021, International Telecommunication Union (ITU)",,,0.04427
2014,E,"Data based on the World Telecommunication/ICT Indicators Database, 2021, International Telecommunication Union (ITU)",Fixed broadband subscriptions per 100 inhabitants [17.6.1],Internet speed: 2 Mbit/s to less than 10 Mbit/s,Per 100 population,Estimated,"Data based on the World Telecommunication/ICT Indicators Database, 2021, International Telecommunication Union (ITU)",,,0.24022
2015,E,"Data based on the World Telecommunication/ICT Indicators Database, 2021, International Telecommunication Union (ITU)",Fixed broadband subscriptions per 100 inhabitants [17.6.1],Internet speed: 2 Mbit/s to less than 10 Mbit/s,Per 100 population,Estimated,"Data based on the World Telecommunication/ICT Indicators Database, 2021, International Telecommunication Union (ITU)",,,0.24361
2016,E,"Data based on the World Telecommunication/ICT Indicators Database, 2021, International Telecommunication Union (ITU)",Fixed broadband subscriptions per 100 inhabitants [17.6.1],Internet speed: 2 Mbit/s to less than 10 Mbit/s,Per 100 population,Estimated,"Data based on the World Telecommunication/ICT Indicators Database, 2021, International Telecommunication Union (ITU)",,,0.2564
2017,E,"Data based on the World Telecommunication/ICT Indicators Database, 2021, International Telecommunication Union (ITU)",Fixed broadband subscriptions per 100 inhabitants [17.6.1],Internet speed: 2 Mbit/s to less than 10 Mbit/s,Per 100 population,Estimated,"Data based on the World Telecommunication/ICT Indicators Database, 2021, International Telecommunication Union (ITU)",,,0.01306
2014,E,"Data based on the World Telecommunication/ICT Indicators Database, 2021, International Telecommunication Union (ITU)",Fixed broadband subscriptions per 100 inhabitants [17.6.1],Internet speed: 10 Mbit/s or above,Per 100 population,Estimated,"Data based on the World Telecommunication/ICT Indicators Database, 2021, International Telecommunication Union (ITU)",,,0.14413
2015,E,"Data based on the World Telecommunication/ICT Indicators Database, 2021, International Telecommunication Union (ITU)",Fixed broadband subscriptions per 100 inhabitants [17.6.1],Internet speed: 10 Mbit/s or above,Per 100 population,Estimated,"Data based on the World Telecommunication/ICT Indicators Database, 2021, International Telecommunication Union (ITU)",,,0.14681
2016,E,"Data based on the World Telecommunication/ICT Indicators Database, 2021, International Telecommunication Union (ITU)",Fixed broadband subscriptions per 100 inhabitants [17.6.1],Internet speed: 10 Mbit/s or above,Per 100 population,Estimated,"Data based on the World Telecommunication/ICT Indicators Database, 2021, International Telecommunication Union (ITU)",,,0.15839
2017,E,"Data based on the World Telecommunication/ICT Indicators Database, 2021, International Telecommunication Union (ITU)",Fixed broadband subscriptions per 100 inhabitants [17.6.1],Internet speed: 10 Mbit/s or above,Per 100 population,Estimated,"Data based on the World Telecommunication/ICT Indicators Database, 2021, International Telecommunication Union (ITU)",,,0.00183
2003,C,Ethiopian Telecommunications Corporation (ETC). Ethiopian Telecommunication Agency.,Fixed broadband subscriptions (number) [17.6.1],,Number,Estimated,ITU estimate.,"Starting end of 2016, and in 2017 our country was under a state of emergency where internet shutdown was implemented this  has shown significant decrease.",,57.0
2004,E,ITU estimate.,Fixed broadband subscriptions (number) [17.6.1],,Number,Estimated,ITU estimate.,"Starting end of 2016, and in 2017 our country was under a state of emergency where internet shutdown was implemented this  has shown significant decrease.",,35.0
2005,E,ITU estimate.,Fixed broadband subscriptions (number) [17.6.1],,Number,Estimated,ITU estimate.,"Starting end of 2016, and in 2017 our country was under a state of emergency where internet shutdown was implemented this  has shown significant decrease.",,61.0
2006,C,Ethiopian Telecommunications Corporation (ETC). Ethiopian Telecommunication Agency.,Fixed broadband subscriptions (number) [17.6.1],,Number,Estimated,ITU estimate.,"Starting end of 2016, and in 2017 our country was under a state of emergency where internet shutdown was implemented this  has shown significant decrease.",,261.0
2007,C,Ethiopian Telecommunication Agency.,Fixed broadband subscriptions (number) [17.6.1],,Number,Estimated,ITU estimate.,"Starting end of 2016, and in 2017 our country was under a state of emergency where internet shutdown was implemented this  has shown significant decrease.",,1036.0
2008,C,Ethiopian Telecommunication Agency.,Fixed broadband subscriptions (number) [17.6.1],,Number,Estimated,ITU estimate.,"Starting end of 2016, and in 2017 our country was under a state of emergency where internet shutdown was implemented this  has shown significant decrease.",,1496.0
2009,C,Ethiopian Telecommunication Agency.,Fixed broadband subscriptions (number) [17.6.1],,Number,Estimated,ITU estimate.,"Starting end of 2016, and in 2017 our country was under a state of emergency where internet shutdown was implemented this  has shown significant decrease.",,3498.0
2010,C,Ministry of Communication and InformationTechnology.,Fixed broadband subscriptions (number) [17.6.1],,Number,Estimated,ITU estimate.,"Starting end of 2016, and in 2017 our country was under a state of emergency where internet shutdown was implemented this  has shown significant decrease.",,4107.0
2011,C,Ministry of Communications and Information Technology,Fixed broadband subscriptions (number) [17.6.1],,Number,Estimated,ITU estimate.,"Starting end of 2016, and in 2017 our country was under a state of emergency where internet shutdown was implemented this  has shown significant decrease.",,6353.0
2012,C,Ministry of Communications and Information Technology,Fixed broadband subscriptions (number) [17.6.1],,Number,Estimated,ITU estimate.,"Starting end of 2016, and in 2017 our country was under a state of emergency where internet shutdown was implemented this  has shown significant decrease.",,8535.0
2013,C,Ministry of Communications and Information Technology,Fixed broadband subscriptions (number) [17.6.1],,Number,Estimated,ITU estimate.,"Starting end of 2016, and in 2017 our country was under a state of emergency where internet shutdown was implemented this  has shown significant decrease.",,238067.0
2014,C,Ministry of Communications and Information Technology,Fixed broadband subscriptions (number) [17.6.1],,Number,Estimated,ITU estimate.,"Starting end of 2016, and in 2017 our country was under a state of emergency where internet shutdown was implemented this  has shown significant decrease.",,471285.0
2015,C,Ministry of Communications and Information Technology,Fixed broadband subscriptions (number) [17.6.1],,Number,Estimated,ITU estimate.,"Starting end of 2016, and in 2017 our country was under a state of emergency where internet shutdown was implemented this  has shown significant decrease.",,478000.0
2016,C,Ministry of Communications and Information Technology,Fixed broadband subscriptions (number) [17.6.1],,Number,Estimated,ITU estimate.,"Starting end of 2016, and in 2017 our country was under a state of emergency where internet shutdown was implemented this  has shown significant decrease.",,559000.0
2017,C,Ministry of Communications and Information Technology,Fixed broadband subscriptions (number) [17.6.1],,Number,Estimated,ITU estimate.,"Starting end of 2016, and in 2017 our country was under a state of emergency where internet shutdown was implemented this  has shown significant decrease.","Starting end of 2016, and in 2017 our country was under a state of emergency where internet shutdown was implemented this  has shown significant decrease.",62950.0
2019,E,ITU estimate.,Fixed broadband subscriptions (number) [17.6.1],,Number,Estimated,ITU estimate.,"Starting end of 2016, and in 2017 our country was under a state of emergency where internet shutdown was implemented this  has shown significant decrease.",,159000.0
2020,E,ITU estimate.,Fixed broadband subscriptions (number) [17.6.1],,Number,Estimated,ITU estimate.,"Starting end of 2016, and in 2017 our country was under a state of emergency where internet shutdown was implemented this  has shown significant decrease.",,212000.0
2014,C,Ministry of Communications and Information Technology,Fixed broadband subscriptions (number) [17.6.1],Internet speed: 256 kbit/s to less than 2 Mbit/s,Number,Country Data,Ministry of Communications and Information Technology,"Starting end of 2016, and in 2017 our country was under a state of emergency where internet shutdown was implemented this  has shown significant decrease.",,94257.0
2015,C,Ministry of Communications and Information Technology,Fixed broadband subscriptions (number) [17.6.1],Internet speed: 256 kbit/s to less than 2 Mbit/s,Number,Country Data,Ministry of Communications and Information Technology,"Starting end of 2016, and in 2017 our country was under a state of emergency where internet shutdown was implemented this  has shown significant decrease.",,104257.0
2016,C,Ministry of Communications and Information Technology,Fixed broadband subscriptions (number) [17.6.1],Internet speed: 256 kbit/s to less than 2 Mbit/s,Number,Country Data,Ministry of Communications and Information Technology,"Starting end of 2016, and in 2017 our country was under a state of emergency where internet shutdown was implemented this  has shown significant decrease.",,129257.0
2017,C,Ministry of Communications and Information Technology,Fixed broadband subscriptions (number) [17.6.1],Internet speed: 256 kbit/s to less than 2 Mbit/s,Number,Country Data,Ministry of Communications and Information Technology,"Starting end of 2016, and in 2017 our country was under a state of emergency where internet shutdown was implemented this  has shown significant decrease.","Starting end of 2016, and in 2017 our country was under a state of emergency where internet shutdown was implemented this  has shown significant decrease.",47108.0
2014,C,Ministry of Communications and Information Technology,Fixed broadband subscriptions (number) [17.6.1],Internet speed: 2 Mbit/s to less than 10 Mbit/s,Number,Country Data,Ministry of Communications and Information Technology,"Starting end of 2016, and in 2017 our country was under a state of emergency where internet shutdown was implemented this  has shown significant decrease.",,235643.0
2015,C,Ministry of Communications and Information Technology,Fixed broadband subscriptions (number) [17.6.1],Internet speed: 2 Mbit/s to less than 10 Mbit/s,Number,Country Data,Ministry of Communications and Information Technology,"Starting end of 2016, and in 2017 our country was under a state of emergency where internet shutdown was implemented this  has shown significant decrease.",,245643.0
2016,C,Ministry of Communications and Information Technology,Fixed broadband subscriptions (number) [17.6.1],Internet speed: 2 Mbit/s to less than 10 Mbit/s,Number,Country Data,Ministry of Communications and Information Technology,"Starting end of 2016, and in 2017 our country was under a state of emergency where internet shutdown was implemented this  has shown significant decrease.",,265643.0
2017,C,Ministry of Communications and Information Technology,Fixed broadband subscriptions (number) [17.6.1],Internet speed: 2 Mbit/s to less than 10 Mbit/s,Number,Country Data,Ministry of Communications and Information Technology,"Starting end of 2016, and in 2017 our country was under a state of emergency where internet shutdown was implemented this  has shown significant decrease.","Starting end of 2016, and in 2017 our country was under a state of emergency where internet shutdown was implemented this  has shown significant decrease.",13900.0
2014,C,Ministry of Communications and Information Technology,Fixed broadband subscriptions (number) [17.6.1],Internet speed: 10 Mbit/s or above,Number,Country Data,Ministry of Communications and Information Technology,"Starting end of 2016, and in 2017 our country was under a state of emergency where internet shutdown was implemented this  has shown significant decrease.",,141385.0
2015,C,Ministry of Communications and Information Technology,Fixed broadband subscriptions (number) [17.6.1],Internet speed: 10 Mbit/s or above,Number,Country Data,Ministry of Communications and Information Technology,"Starting end of 2016, and in 2017 our country was under a state of emergency where internet shutdown was implemented this  has shown significant decrease.",,148040.0
2016,C,Ministry of Communications and Information Technology,Fixed broadband subscriptions (number) [17.6.1],Internet speed: 10 Mbit/s or above,Number,Country Data,Ministry of Communications and Information Technology,"Starting end of 2016, and in 2017 our country was under a state of emergency where internet shutdown was implemented this  has shown significant decrease.",,164100.0
2017,C,Ministry of Communications and Information Technology,Fixed broadband subscriptions (number) [17.6.1],Internet speed: 10 Mbit/s or above,Number,Country Data,Ministry of Communications and Information Technology,"Starting end of 2016, and in 2017 our country was under a state of emergency where internet shutdown was implemented this  has shown significant decrease.","Starting end of 2016, and in 2017 our country was under a state of emergency where internet shutdown was implemented this  has shown significant decrease.",1942.0
