Year,COMMENT_OBS,SOURCE_DETAIL,SDG Series,Type of product,Nature of data points,Observation-level footnotes,Source details,Value
2010,Abnormally high defined as IFPA>=1; Moderately high defined as 0.5=<IFPA< 1; Twelve month average of monthly price anomalies,FAOSTAT Data/ Consumer Price Indices: http://www.fao.org/faostat/en/#data/CP.,"Indicator of Food Price Anomalies (IFPA), by Consumer Food Price Index [2.c.1]",,Not Available,Obs_Value = NaN;  NaN = A figure was not provided,NA,-1.624
2011,Abnormally high defined as IFPA>=1; Moderately high defined as 0.5=<IFPA< 1; Twelve month average of monthly price anomalies,FAOSTAT Data/ Consumer Price Indices: http://www.fao.org/faostat/en/#data/CP.,"Indicator of Food Price Anomalies (IFPA), by Consumer Food Price Index [2.c.1]",,Not Available,Obs_Value = NaN;  NaN = A figure was not provided,NA,0.807
2012,Abnormally high defined as IFPA>=1; Moderately high defined as 0.5=<IFPA< 1; Twelve month average of monthly price anomalies,FAOSTAT Data/ Consumer Price Indices: http://www.fao.org/faostat/en/#data/CP.,"Indicator of Food Price Anomalies (IFPA), by Consumer Food Price Index [2.c.1]",,Not Available,Obs_Value = NaN;  NaN = A figure was not provided,NA,0.273
2013,Abnormally high defined as IFPA>=1; Moderately high defined as 0.5=<IFPA< 1; Twelve month average of monthly price anomalies,FAOSTAT Data/ Consumer Price Indices: http://www.fao.org/faostat/en/#data/CP.,"Indicator of Food Price Anomalies (IFPA), by Consumer Food Price Index [2.c.1]",,Not Available,Obs_Value = NaN;  NaN = A figure was not provided,NA,-0.419
2014,Abnormally high defined as IFPA>=1; Moderately high defined as 0.5=<IFPA< 1; Twelve month average of monthly price anomalies,FAOSTAT Data/ Consumer Price Indices: http://www.fao.org/faostat/en/#data/CP.,"Indicator of Food Price Anomalies (IFPA), by Consumer Food Price Index [2.c.1]",,Not Available,Obs_Value = NaN;  NaN = A figure was not provided,NA,-0.362
2015,Abnormally high defined as IFPA>=1; Moderately high defined as 0.5=<IFPA< 1; Twelve month average of monthly price anomalies,FAOSTAT Data/ Consumer Price Indices: http://www.fao.org/faostat/en/#data/CP.,"Indicator of Food Price Anomalies (IFPA), by Consumer Food Price Index [2.c.1]",,Not Available,Obs_Value = NaN;  NaN = A figure was not provided,NA,0.275
2016,Abnormally high defined as IFPA>=1; Moderately high defined as 0.5=<IFPA< 1; Twelve month average of monthly price anomalies,FAOSTAT Data/ Consumer Price Indices: http://www.fao.org/faostat/en/#data/CP.,"Indicator of Food Price Anomalies (IFPA), by Consumer Food Price Index [2.c.1]",,Not Available,Obs_Value = NaN;  NaN = A figure was not provided,NA,-0.208
2017,Abnormally high defined as IFPA>=1; Moderately high defined as 0.5=<IFPA< 1; Twelve month average of monthly price anomalies,FAOSTAT Data/ Consumer Price Indices: http://www.fao.org/faostat/en/#data/CP.,"Indicator of Food Price Anomalies (IFPA), by Consumer Food Price Index [2.c.1]",,Not Available,Obs_Value = NaN;  NaN = A figure was not provided,NA,-0.057
2018,Abnormally high defined as IFPA>=1; Moderately high defined as 0.5=<IFPA< 1; Twelve month average of monthly price anomalies,FAOSTAT Data/ Consumer Price Indices: http://www.fao.org/faostat/en/#data/CP.,"Indicator of Food Price Anomalies (IFPA), by Consumer Food Price Index [2.c.1]",,Not Available,Obs_Value = NaN;  NaN = A figure was not provided,NA,-0.306
2019,Abnormally high defined as IFPA>=1; Moderately high defined as 0.5=<IFPA< 1; Twelve month average of monthly price anomalies,FAOSTAT Data/ Consumer Price Indices: http://www.fao.org/faostat/en/#data/CP.,"Indicator of Food Price Anomalies (IFPA), by Consumer Food Price Index [2.c.1]",,Not Available,Obs_Value = NaN;  NaN = A figure was not provided,NA,0.404
2020,Abnormally high defined as IFPA>=1; Moderately high defined as 0.5=<IFPA< 1; Twelve month average of monthly price anomalies,FAOSTAT Data/ Consumer Price Indices: http://www.fao.org/faostat/en/#data/CP.,"Indicator of Food Price Anomalies (IFPA), by Consumer Food Price Index [2.c.1]",,Not Available,Obs_Value = NaN;  NaN = A figure was not provided,NA,0.364
2015," Addis Ababa, Wheat (white), Wholesale price",Food Price Monitoring and Analysis (FPMA) online database: https://fpma.apps.fao.org/giews/food-prices/tool/public/#/dataset/domestic.,Indicator of Food Price Anomalies (IFPA) [2.c.1],Wheat,Global monitoring data," Addis Ababa, Wheat (white), Wholesale price",Food Price Monitoring and Analysis (FPMA) online database: https://fpma.apps.fao.org/giews/food-prices/tool/public/#/dataset/domestic.,-0.1
2016," Addis Ababa, Wheat (white), Wholesale price",Food Price Monitoring and Analysis (FPMA) online database: https://fpma.apps.fao.org/giews/food-prices/tool/public/#/dataset/domestic.,Indicator of Food Price Anomalies (IFPA) [2.c.1],Wheat,Global monitoring data," Addis Ababa, Wheat (white), Wholesale price",Food Price Monitoring and Analysis (FPMA) online database: https://fpma.apps.fao.org/giews/food-prices/tool/public/#/dataset/domestic.,-1.1
2017," Addis Ababa, Wheat (white), Wholesale price",Food Price Monitoring and Analysis (FPMA) online database: https://fpma.apps.fao.org/giews/food-prices/tool/public/#/dataset/domestic.,Indicator of Food Price Anomalies (IFPA) [2.c.1],Wheat,Global monitoring data," Addis Ababa, Wheat (white), Wholesale price",Food Price Monitoring and Analysis (FPMA) online database: https://fpma.apps.fao.org/giews/food-prices/tool/public/#/dataset/domestic.,0.3
2018," Addis Ababa, Wheat (white), Wholesale price",Food Price Monitoring and Analysis (FPMA) online database: https://fpma.apps.fao.org/giews/food-prices/tool/public/#/dataset/domestic.,Indicator of Food Price Anomalies (IFPA) [2.c.1],Wheat,Global monitoring data," Addis Ababa, Wheat (white), Wholesale price",Food Price Monitoring and Analysis (FPMA) online database: https://fpma.apps.fao.org/giews/food-prices/tool/public/#/dataset/domestic.,1.3
2019," Addis Ababa, Wheat (white), Wholesale price",Food Price Monitoring and Analysis (FPMA) online database: https://fpma.apps.fao.org/giews/food-prices/tool/public/#/dataset/domestic.,Indicator of Food Price Anomalies (IFPA) [2.c.1],Wheat,Global monitoring data," Addis Ababa, Wheat (white), Wholesale price",Food Price Monitoring and Analysis (FPMA) online database: https://fpma.apps.fao.org/giews/food-prices/tool/public/#/dataset/domestic.,0.1
2020," Addis Ababa, Wheat (white), Wholesale price",Food Price Monitoring and Analysis (FPMA) online database: https://fpma.apps.fao.org/giews/food-prices/tool/public/#/dataset/domestic.,Indicator of Food Price Anomalies (IFPA) [2.c.1],Wheat,Global monitoring data," Addis Ababa, Wheat (white), Wholesale price",Food Price Monitoring and Analysis (FPMA) online database: https://fpma.apps.fao.org/giews/food-prices/tool/public/#/dataset/domestic.,-0.48
2021," Addis Ababa, Wheat (white), Wholesale price",Food Price Monitoring and Analysis (FPMA) online database: https://fpma.apps.fao.org/giews/food-prices/tool/public/#/dataset/domestic.,Indicator of Food Price Anomalies (IFPA) [2.c.1],Wheat,Global monitoring data," Addis Ababa, Wheat (white), Wholesale price",Food Price Monitoring and Analysis (FPMA) online database: https://fpma.apps.fao.org/giews/food-prices/tool/public/#/dataset/domestic.,0.87
2015," Addis Ababa, Maize, Wholesale price",Food Price Monitoring and Analysis (FPMA) online database: https://fpma.apps.fao.org/giews/food-prices/tool/public/#/dataset/domestic.,Indicator of Food Price Anomalies (IFPA) [2.c.1],Maize,Global monitoring data," Addis Ababa, Maize, Wholesale price",Food Price Monitoring and Analysis (FPMA) online database: https://fpma.apps.fao.org/giews/food-prices/tool/public/#/dataset/domestic.,-0.4
2016," Addis Ababa, Maize, Wholesale price",Food Price Monitoring and Analysis (FPMA) online database: https://fpma.apps.fao.org/giews/food-prices/tool/public/#/dataset/domestic.,Indicator of Food Price Anomalies (IFPA) [2.c.1],Maize,Global monitoring data," Addis Ababa, Maize, Wholesale price",Food Price Monitoring and Analysis (FPMA) online database: https://fpma.apps.fao.org/giews/food-prices/tool/public/#/dataset/domestic.,0.1
2017," Addis Ababa, Maize, Wholesale price",Food Price Monitoring and Analysis (FPMA) online database: https://fpma.apps.fao.org/giews/food-prices/tool/public/#/dataset/domestic.,Indicator of Food Price Anomalies (IFPA) [2.c.1],Maize,Global monitoring data," Addis Ababa, Maize, Wholesale price",Food Price Monitoring and Analysis (FPMA) online database: https://fpma.apps.fao.org/giews/food-prices/tool/public/#/dataset/domestic.,0.7
2018," Addis Ababa, Maize, Wholesale price",Food Price Monitoring and Analysis (FPMA) online database: https://fpma.apps.fao.org/giews/food-prices/tool/public/#/dataset/domestic.,Indicator of Food Price Anomalies (IFPA) [2.c.1],Maize,Global monitoring data," Addis Ababa, Maize, Wholesale price",Food Price Monitoring and Analysis (FPMA) online database: https://fpma.apps.fao.org/giews/food-prices/tool/public/#/dataset/domestic.,-0.1
2019," Addis Ababa, Maize, Wholesale price",Food Price Monitoring and Analysis (FPMA) online database: https://fpma.apps.fao.org/giews/food-prices/tool/public/#/dataset/domestic.,Indicator of Food Price Anomalies (IFPA) [2.c.1],Maize,Global monitoring data," Addis Ababa, Maize, Wholesale price",Food Price Monitoring and Analysis (FPMA) online database: https://fpma.apps.fao.org/giews/food-prices/tool/public/#/dataset/domestic.,0.3
2020," Addis Ababa, Maize, Wholesale price",Food Price Monitoring and Analysis (FPMA) online database: https://fpma.apps.fao.org/giews/food-prices/tool/public/#/dataset/domestic.,Indicator of Food Price Anomalies (IFPA) [2.c.1],Maize,Global monitoring data," Addis Ababa, Maize, Wholesale price",Food Price Monitoring and Analysis (FPMA) online database: https://fpma.apps.fao.org/giews/food-prices/tool/public/#/dataset/domestic.,0.04
2021," Addis Ababa, Maize, Wholesale price",Food Price Monitoring and Analysis (FPMA) online database: https://fpma.apps.fao.org/giews/food-prices/tool/public/#/dataset/domestic.,Indicator of Food Price Anomalies (IFPA) [2.c.1],Maize,Global monitoring data," Addis Ababa, Maize, Wholesale price",Food Price Monitoring and Analysis (FPMA) online database: https://fpma.apps.fao.org/giews/food-prices/tool/public/#/dataset/domestic.,0.8
2015," Addis Ababa, Sorghum (white), Wholesale price",Food Price Monitoring and Analysis (FPMA) online database: https://fpma.apps.fao.org/giews/food-prices/tool/public/#/dataset/domestic.,Indicator of Food Price Anomalies (IFPA) [2.c.1],Sorghum,Global monitoring data," Addis Ababa, Sorghum (white), Wholesale price",Food Price Monitoring and Analysis (FPMA) online database: https://fpma.apps.fao.org/giews/food-prices/tool/public/#/dataset/domestic.,-0.3
2016," Addis Ababa, Sorghum (white), Wholesale price",Food Price Monitoring and Analysis (FPMA) online database: https://fpma.apps.fao.org/giews/food-prices/tool/public/#/dataset/domestic.,Indicator of Food Price Anomalies (IFPA) [2.c.1],Sorghum,Global monitoring data," Addis Ababa, Sorghum (white), Wholesale price",Food Price Monitoring and Analysis (FPMA) online database: https://fpma.apps.fao.org/giews/food-prices/tool/public/#/dataset/domestic.,0.3
2017," Addis Ababa, Sorghum (white), Wholesale price",Food Price Monitoring and Analysis (FPMA) online database: https://fpma.apps.fao.org/giews/food-prices/tool/public/#/dataset/domestic.,Indicator of Food Price Anomalies (IFPA) [2.c.1],Sorghum,Global monitoring data," Addis Ababa, Sorghum (white), Wholesale price",Food Price Monitoring and Analysis (FPMA) online database: https://fpma.apps.fao.org/giews/food-prices/tool/public/#/dataset/domestic.,-0.5
2018," Addis Ababa, Sorghum (white), Wholesale price",Food Price Monitoring and Analysis (FPMA) online database: https://fpma.apps.fao.org/giews/food-prices/tool/public/#/dataset/domestic.,Indicator of Food Price Anomalies (IFPA) [2.c.1],Sorghum,Global monitoring data," Addis Ababa, Sorghum (white), Wholesale price",Food Price Monitoring and Analysis (FPMA) online database: https://fpma.apps.fao.org/giews/food-prices/tool/public/#/dataset/domestic.,0.9
2019," Addis Ababa, Sorghum (white), Wholesale price",Food Price Monitoring and Analysis (FPMA) online database: https://fpma.apps.fao.org/giews/food-prices/tool/public/#/dataset/domestic.,Indicator of Food Price Anomalies (IFPA) [2.c.1],Sorghum,Global monitoring data," Addis Ababa, Sorghum (white), Wholesale price",Food Price Monitoring and Analysis (FPMA) online database: https://fpma.apps.fao.org/giews/food-prices/tool/public/#/dataset/domestic.,0.6
2020," Addis Ababa, Sorghum (white), Wholesale price",Food Price Monitoring and Analysis (FPMA) online database: https://fpma.apps.fao.org/giews/food-prices/tool/public/#/dataset/domestic.,Indicator of Food Price Anomalies (IFPA) [2.c.1],Sorghum,Global monitoring data," Addis Ababa, Sorghum (white), Wholesale price",Food Price Monitoring and Analysis (FPMA) online database: https://fpma.apps.fao.org/giews/food-prices/tool/public/#/dataset/domestic.,0.23
2021," Addis Ababa, Sorghum (white), Wholesale price",Food Price Monitoring and Analysis (FPMA) online database: https://fpma.apps.fao.org/giews/food-prices/tool/public/#/dataset/domestic.,Indicator of Food Price Anomalies (IFPA) [2.c.1],Sorghum,Global monitoring data," Addis Ababa, Sorghum (white), Wholesale price",Food Price Monitoring and Analysis (FPMA) online database: https://fpma.apps.fao.org/giews/food-prices/tool/public/#/dataset/domestic.,0.13
