Year,COMMENT_OBS,SOURCE_DETAIL,Value
2000,Unclear definition of the cadres included,"Central Statistical Authority [Ethiopia], ORC Macro. Ethiopia Demographic and Health Survey 2000. Addis Ababa, Ethiopia and Calverton, Maryland, USA: Central Statistical Authority, ORC Macro; 2001.",5.6
2004,"Cadres included align with the standard definition of: Doctor, nurse and/or midwife","Welfare Monitoring Survey 2004. Statistical Report on Basic Population Characteristics, Education, Health, Nutritional Status and Child Care. Statistical bulletin. Addis Ababa: Central Statistical Authority, Ethiopia; 2004.",6.4
2005,Unclear definition of the cadres included,"Central Statistical Agency, ORC Macro. Ethiopia Demographic and Health Survey 2005. Addis Ababa, Ethiopia and Calverton, Maryland, USA: Central Statistical Agency, ORC Macro; 2006.",5.7
2011,"Cadres included align with the standard definition of: Doctor, nurse and/or midwife","Central Statistical Agency [Ethiopia], ICF International. Ethiopia Demographic and Health Survey 2011. Addis Ababa, Ethiopia and Calverton, Maryland, USA: Central Statistical Agency, ICF International; 2012.",10.0
2014,"Cadres included align with the standard definition of: Doctor, nurse and/or midwife",Ethiopia Mini Demographic and Health Survey 2014. Addis Ababa: Central Statistical Agency [Ethiopia]; 2014.,15.5
2016,Definition includes other cadres that is not in alignment with the standard definition,"Central Statistical Agency (CSA) [Ethiopia], ICF. Ethiopia Demographic and Health Survey 2016. Addis Ababa, Ethiopia, and Rockville, Maryland, USA: CSA , ICF; 2016.",27.7
2019,"Cadres included align with the standard definition of: Doctor, nurse and/or midwife","Ethiopian Public Health Institute (EPHI) [Ethiopia] and ICF. 2019. Ethiopia Mini Demographic and



Health Survey 2019: Key Indicators. Rockville, Maryland, USA: EPHI and ICF.",49.8
