Year,SDG Series,Sex,Value
2013,Proportion of time spent on unpaid domestic chores and care work [5.4.1],Female,19.30556
2013,Proportion of time spent on unpaid domestic chores and care work [5.4.1],Male,6.59722
2013,Proportion of time spent on unpaid care work [5.4.1],Female,3.26389
2013,Proportion of time spent on unpaid care work [5.4.1],Male,0.55556
2013,Proportion of time spent on unpaid domestic chores [5.4.1],Female,16.04167
2013,Proportion of time spent on unpaid domestic chores [5.4.1],Male,6.04167
