Year,SOURCE_DETAIL,SDG Series,Value
2011,"DHS 2011. UNFPA Global Database, 2022.","Proportion of women who make their own informed decisions regarding sexual relations, contraceptive use and reproductive health care (% of women aged 15-49 years) [5.6.1]",53.4
2016,"DHS 2016. UNFPA Global Database, 2022.","Proportion of women who make their own informed decisions regarding sexual relations, contraceptive use and reproductive health care (% of women aged 15-49 years) [5.6.1]",45.2
2011,"DHS 2011. UNFPA Global Database, 2022.",Proportion of women who make their own informed decisions regarding contraceptive use (% of women aged 15-49 years) [5.6.1],96.4
2016,"DHS 2016. UNFPA Global Database, 2022.",Proportion of women who make their own informed decisions regarding contraceptive use (% of women aged 15-49 years) [5.6.1],94.4
2011,"DHS 2011. UNFPA Global Database, 2022.",Proportion of women who make their own informed decisions regarding reproductive health care (% of women aged 15-49 years) [5.6.1],82.5
2016,"DHS 2016. UNFPA Global Database, 2022.",Proportion of women who make their own informed decisions regarding reproductive health care (% of women aged 15-49 years) [5.6.1],84.8
2011,"DHS 2011. UNFPA Global Database, 2022.",Proportion of women who make their own informed decisions regarding sexual relations (% of women aged 15-49 years) [5.6.1],63.0
2016,"DHS 2016. UNFPA Global Database, 2022.",Proportion of women who make their own informed decisions regarding sexual relations (% of women aged 15-49 years) [5.6.1],53.0
