Year,COMMENT_OBS,SDG Series,Unit of measure,Value
2005,Disclaimer: The data being submitted by UNDRR has been extracted from two sources: (a) the Sendai Framework Monitoring System as provided by designated national focal points; and (b) DesInventar disaster loss databases. Some of the data has not followed an official validation process and may be subject to revision at a later date.,"Number of people affected by disaster [1.5.1, 11.5.1, 13.1.1]",Number,5180332.0
2006,Disclaimer: The data being submitted by UNDRR has been extracted from two sources: (a) the Sendai Framework Monitoring System as provided by designated national focal points; and (b) DesInventar disaster loss databases. Some of the data has not followed an official validation process and may be subject to revision at a later date.,"Number of people affected by disaster [1.5.1, 11.5.1, 13.1.1]",Number,10011265.0
2007,Disclaimer: The data being submitted by UNDRR has been extracted from two sources: (a) the Sendai Framework Monitoring System as provided by designated national focal points; and (b) DesInventar disaster loss databases. Some of the data has not followed an official validation process and may be subject to revision at a later date.,"Number of people affected by disaster [1.5.1, 11.5.1, 13.1.1]",Number,3161713.0
2008,Disclaimer: The data being submitted by UNDRR has been extracted from two sources: (a) the Sendai Framework Monitoring System as provided by designated national focal points; and (b) DesInventar disaster loss databases. Some of the data has not followed an official validation process and may be subject to revision at a later date.,"Number of people affected by disaster [1.5.1, 11.5.1, 13.1.1]",Number,2359031.0
2009,Disclaimer: The data being submitted by UNDRR has been extracted from two sources: (a) the Sendai Framework Monitoring System as provided by designated national focal points; and (b) DesInventar disaster loss databases. Some of the data has not followed an official validation process and may be subject to revision at a later date.,"Number of people affected by disaster [1.5.1, 11.5.1, 13.1.1]",Number,5004163.0
2010,Disclaimer: The data being submitted by UNDRR has been extracted from two sources: (a) the Sendai Framework Monitoring System as provided by designated national focal points; and (b) DesInventar disaster loss databases. Some of the data has not followed an official validation process and may be subject to revision at a later date.,"Number of people affected by disaster [1.5.1, 11.5.1, 13.1.1]",Number,6357559.0
2011,Disclaimer: The data being submitted by UNDRR has been extracted from two sources: (a) the Sendai Framework Monitoring System as provided by designated national focal points; and (b) DesInventar disaster loss databases. Some of the data has not followed an official validation process and may be subject to revision at a later date.,"Number of people affected by disaster [1.5.1, 11.5.1, 13.1.1]",Number,2850474.0
2012,Disclaimer: The data being submitted by UNDRR has been extracted from two sources: (a) the Sendai Framework Monitoring System as provided by designated national focal points; and (b) DesInventar disaster loss databases. Some of the data has not followed an official validation process and may be subject to revision at a later date.,"Number of people affected by disaster [1.5.1, 11.5.1, 13.1.1]",Number,3279780.0
2013,Disclaimer: The data being submitted by UNDRR has been extracted from two sources: (a) the Sendai Framework Monitoring System as provided by designated national focal points; and (b) DesInventar disaster loss databases. Some of the data has not followed an official validation process and may be subject to revision at a later date.,"Number of people affected by disaster [1.5.1, 11.5.1, 13.1.1]",Number,2619072.0
2014,Disclaimer: The data being submitted by UNDRR has been extracted from two sources: (a) the Sendai Framework Monitoring System as provided by designated national focal points; and (b) DesInventar disaster loss databases. Some of the data has not followed an official validation process and may be subject to revision at a later date.,"Number of people affected by disaster [1.5.1, 11.5.1, 13.1.1]",Number,1949503.0
2015,Disclaimer: The data being submitted by UNDRR has been extracted from two sources: (a) the Sendai Framework Monitoring System as provided by designated national focal points; and (b) DesInventar disaster loss databases. Some of the data has not followed an official validation process and may be subject to revision at a later date.,"Number of people affected by disaster [1.5.1, 11.5.1, 13.1.1]",Number,7918363.0
2016,Disclaimer: The data being submitted by UNDRR has been extracted from two sources: (a) the Sendai Framework Monitoring System as provided by designated national focal points; and (b) DesInventar disaster loss databases. Some of the data has not followed an official validation process and may be subject to revision at a later date.,"Number of people affected by disaster [1.5.1, 11.5.1, 13.1.1]",Number,10175601.0
2017,Disclaimer: The data being submitted by UNDRR has been extracted from two sources: (a) the Sendai Framework Monitoring System as provided by designated national focal points; and (b) DesInventar disaster loss databases. Some of the data has not followed an official validation process and may be subject to revision at a later date.,"Number of people affected by disaster [1.5.1, 11.5.1, 13.1.1]",Number,9614355.0
2018,Disclaimer: The data being submitted by UNDRR has been extracted from two sources: (a) the Sendai Framework Monitoring System as provided by designated national focal points; and (b) DesInventar disaster loss databases. Some of the data has not followed an official validation process and may be subject to revision at a later date.,"Number of people affected by disaster [1.5.1, 11.5.1, 13.1.1]",Number,8261781.0
2019,Disclaimer: The data being submitted by UNDRR has been extracted from two sources: (a) the Sendai Framework Monitoring System as provided by designated national focal points; and (b) DesInventar disaster loss databases. Some of the data has not followed an official validation process and may be subject to revision at a later date.,"Number of people affected by disaster [1.5.1, 11.5.1, 13.1.1]",Number,8173685.0
2005,Disclaimer: The data being submitted by UNDRR has been extracted from two sources: (a) the Sendai Framework Monitoring System as provided by designated national focal points; and (b) DesInventar disaster loss databases. Some of the data has not followed an official validation process and may be subject to revision at a later date.,"Number of directly affected persons attributed to disasters per 100,000 population [1.5.1, 11.5.1, 13.1.1]","Per 100,000 population",7584.6735
2006,Disclaimer: The data being submitted by UNDRR has been extracted from two sources: (a) the Sendai Framework Monitoring System as provided by designated national focal points; and (b) DesInventar disaster loss databases. Some of the data has not followed an official validation process and may be subject to revision at a later date.,"Number of directly affected persons attributed to disasters per 100,000 population [1.5.1, 11.5.1, 13.1.1]","Per 100,000 population",13827.71409
2007,Disclaimer: The data being submitted by UNDRR has been extracted from two sources: (a) the Sendai Framework Monitoring System as provided by designated national focal points; and (b) DesInventar disaster loss databases. Some of the data has not followed an official validation process and may be subject to revision at a later date.,"Number of directly affected persons attributed to disasters per 100,000 population [1.5.1, 11.5.1, 13.1.1]","Per 100,000 population",4281.55325
2008,Disclaimer: The data being submitted by UNDRR has been extracted from two sources: (a) the Sendai Framework Monitoring System as provided by designated national focal points; and (b) DesInventar disaster loss databases. Some of the data has not followed an official validation process and may be subject to revision at a later date.,"Number of directly affected persons attributed to disasters per 100,000 population [1.5.1, 11.5.1, 13.1.1]","Per 100,000 population",3115.50734
2009,Disclaimer: The data being submitted by UNDRR has been extracted from two sources: (a) the Sendai Framework Monitoring System as provided by designated national focal points; and (b) DesInventar disaster loss databases. Some of the data has not followed an official validation process and may be subject to revision at a later date.,"Number of directly affected persons attributed to disasters per 100,000 population [1.5.1, 11.5.1, 13.1.1]","Per 100,000 population",6444.42828
2010,Disclaimer: The data being submitted by UNDRR has been extracted from two sources: (a) the Sendai Framework Monitoring System as provided by designated national focal points; and (b) DesInventar disaster loss databases. Some of the data has not followed an official validation process and may be subject to revision at a later date.,"Number of directly affected persons attributed to disasters per 100,000 population [1.5.1, 11.5.1, 13.1.1]","Per 100,000 population",7983.47314
2011,Disclaimer: The data being submitted by UNDRR has been extracted from two sources: (a) the Sendai Framework Monitoring System as provided by designated national focal points; and (b) DesInventar disaster loss databases. Some of the data has not followed an official validation process and may be subject to revision at a later date.,"Number of directly affected persons attributed to disasters per 100,000 population [1.5.1, 11.5.1, 13.1.1]","Per 100,000 population",3490.31934
2012,Disclaimer: The data being submitted by UNDRR has been extracted from two sources: (a) the Sendai Framework Monitoring System as provided by designated national focal points; and (b) DesInventar disaster loss databases. Some of the data has not followed an official validation process and may be subject to revision at a later date.,"Number of directly affected persons attributed to disasters per 100,000 population [1.5.1, 11.5.1, 13.1.1]","Per 100,000 population",3916.52934
2013,Disclaimer: The data being submitted by UNDRR has been extracted from two sources: (a) the Sendai Framework Monitoring System as provided by designated national focal points; and (b) DesInventar disaster loss databases. Some of the data has not followed an official validation process and may be subject to revision at a later date.,"Number of directly affected persons attributed to disasters per 100,000 population [1.5.1, 11.5.1, 13.1.1]","Per 100,000 population",3051.18013
2014,Disclaimer: The data being submitted by UNDRR has been extracted from two sources: (a) the Sendai Framework Monitoring System as provided by designated national focal points; and (b) DesInventar disaster loss databases. Some of the data has not followed an official validation process and may be subject to revision at a later date.,"Number of directly affected persons attributed to disasters per 100,000 population [1.5.1, 11.5.1, 13.1.1]","Per 100,000 population",2216.55335
2015,Disclaimer: The data being submitted by UNDRR has been extracted from two sources: (a) the Sendai Framework Monitoring System as provided by designated national focal points; and (b) DesInventar disaster loss databases. Some of the data has not followed an official validation process and may be subject to revision at a later date.,"Number of directly affected persons attributed to disasters per 100,000 population [1.5.1, 11.5.1, 13.1.1]","Per 100,000 population",8790.95299
2016,Disclaimer: The data being submitted by UNDRR has been extracted from two sources: (a) the Sendai Framework Monitoring System as provided by designated national focal points; and (b) DesInventar disaster loss databases. Some of the data has not followed an official validation process and may be subject to revision at a later date.,"Number of directly affected persons attributed to disasters per 100,000 population [1.5.1, 11.5.1, 13.1.1]","Per 100,000 population",11035.84513
2017,Disclaimer: The data being submitted by UNDRR has been extracted from two sources: (a) the Sendai Framework Monitoring System as provided by designated national focal points; and (b) DesInventar disaster loss databases. Some of the data has not followed an official validation process and may be subject to revision at a later date.,"Number of directly affected persons attributed to disasters per 100,000 population [1.5.1, 11.5.1, 13.1.1]","Per 100,000 population",10189.86438
2018,Disclaimer: The data being submitted by UNDRR has been extracted from two sources: (a) the Sendai Framework Monitoring System as provided by designated national focal points; and (b) DesInventar disaster loss databases. Some of the data has not followed an official validation process and may be subject to revision at a later date.,"Number of directly affected persons attributed to disasters per 100,000 population [1.5.1, 11.5.1, 13.1.1]","Per 100,000 population",8561.16494
2019,Disclaimer: The data being submitted by UNDRR has been extracted from two sources: (a) the Sendai Framework Monitoring System as provided by designated national focal points; and (b) DesInventar disaster loss databases. Some of the data has not followed an official validation process and may be subject to revision at a later date.,"Number of directly affected persons attributed to disasters per 100,000 population [1.5.1, 11.5.1, 13.1.1]","Per 100,000 population",8284.28014
2005,Disclaimer: The data being submitted by UNDRR has been extracted from two sources: (a) the Sendai Framework Monitoring System as provided by designated national focal points; and (b) DesInventar disaster loss databases. Some of the data has not followed an official validation process and may be subject to revision at a later date.,"Number of injured or ill people attributed to disasters [1.5.1, 11.5.1, 13.1.1]",Number,62.0
2006,Disclaimer: The data being submitted by UNDRR has been extracted from two sources: (a) the Sendai Framework Monitoring System as provided by designated national focal points; and (b) DesInventar disaster loss databases. Some of the data has not followed an official validation process and may be subject to revision at a later date.,"Number of injured or ill people attributed to disasters [1.5.1, 11.5.1, 13.1.1]",Number,301.0
2007,Disclaimer: The data being submitted by UNDRR has been extracted from two sources: (a) the Sendai Framework Monitoring System as provided by designated national focal points; and (b) DesInventar disaster loss databases. Some of the data has not followed an official validation process and may be subject to revision at a later date.,"Number of injured or ill people attributed to disasters [1.5.1, 11.5.1, 13.1.1]",Number,66.0
2008,Disclaimer: The data being submitted by UNDRR has been extracted from two sources: (a) the Sendai Framework Monitoring System as provided by designated national focal points; and (b) DesInventar disaster loss databases. Some of the data has not followed an official validation process and may be subject to revision at a later date.,"Number of injured or ill people attributed to disasters [1.5.1, 11.5.1, 13.1.1]",Number,24.0
2009,Obs_Value = 0;  Disclaimer: The data being submitted by UNDRR has been extracted from two sources: (a) the Sendai Framework Monitoring System as provided by designated national focal points; and (b) DesInventar disaster loss databases. Some of the data has not followed an official validation process and may be subject to revision at a later date.,"Number of injured or ill people attributed to disasters [1.5.1, 11.5.1, 13.1.1]",Number,0.0
2010,Disclaimer: The data being submitted by UNDRR has been extracted from two sources: (a) the Sendai Framework Monitoring System as provided by designated national focal points; and (b) DesInventar disaster loss databases. Some of the data has not followed an official validation process and may be subject to revision at a later date.,"Number of injured or ill people attributed to disasters [1.5.1, 11.5.1, 13.1.1]",Number,205.0
2011,Disclaimer: The data being submitted by UNDRR has been extracted from two sources: (a) the Sendai Framework Monitoring System as provided by designated national focal points; and (b) DesInventar disaster loss databases. Some of the data has not followed an official validation process and may be subject to revision at a later date.,"Number of injured or ill people attributed to disasters [1.5.1, 11.5.1, 13.1.1]",Number,27.0
2012,Disclaimer: The data being submitted by UNDRR has been extracted from two sources: (a) the Sendai Framework Monitoring System as provided by designated national focal points; and (b) DesInventar disaster loss databases. Some of the data has not followed an official validation process and may be subject to revision at a later date.,"Number of injured or ill people attributed to disasters [1.5.1, 11.5.1, 13.1.1]",Number,39.0
2013,Disclaimer: The data being submitted by UNDRR has been extracted from two sources: (a) the Sendai Framework Monitoring System as provided by designated national focal points; and (b) DesInventar disaster loss databases. Some of the data has not followed an official validation process and may be subject to revision at a later date.,"Number of injured or ill people attributed to disasters [1.5.1, 11.5.1, 13.1.1]",Number,418.0
2014,Disclaimer: The data being submitted by UNDRR has been extracted from two sources: (a) the Sendai Framework Monitoring System as provided by designated national focal points; and (b) DesInventar disaster loss databases. Some of the data has not followed an official validation process and may be subject to revision at a later date.,"Number of injured or ill people attributed to disasters [1.5.1, 11.5.1, 13.1.1]",Number,130.0
2015,Disclaimer: The data being submitted by UNDRR has been extracted from two sources: (a) the Sendai Framework Monitoring System as provided by designated national focal points; and (b) DesInventar disaster loss databases. Some of the data has not followed an official validation process and may be subject to revision at a later date.,"Number of injured or ill people attributed to disasters [1.5.1, 11.5.1, 13.1.1]",Number,874.0
2016,Disclaimer: The data being submitted by UNDRR has been extracted from two sources: (a) the Sendai Framework Monitoring System as provided by designated national focal points; and (b) DesInventar disaster loss databases. Some of the data has not followed an official validation process and may be subject to revision at a later date.,"Number of injured or ill people attributed to disasters [1.5.1, 11.5.1, 13.1.1]",Number,155.0
2017,Disclaimer: The data being submitted by UNDRR has been extracted from two sources: (a) the Sendai Framework Monitoring System as provided by designated national focal points; and (b) DesInventar disaster loss databases. Some of the data has not followed an official validation process and may be subject to revision at a later date.,"Number of injured or ill people attributed to disasters [1.5.1, 11.5.1, 13.1.1]",Number,503.0
2018,Disclaimer: The data being submitted by UNDRR has been extracted from two sources: (a) the Sendai Framework Monitoring System as provided by designated national focal points; and (b) DesInventar disaster loss databases. Some of the data has not followed an official validation process and may be subject to revision at a later date.,"Number of injured or ill people attributed to disasters [1.5.1, 11.5.1, 13.1.1]",Number,61.0
2019,Disclaimer: The data being submitted by UNDRR has been extracted from two sources: (a) the Sendai Framework Monitoring System as provided by designated national focal points; and (b) DesInventar disaster loss databases. Some of the data has not followed an official validation process and may be subject to revision at a later date.,"Number of injured or ill people attributed to disasters [1.5.1, 11.5.1, 13.1.1]",Number,20055.0
2005,Obs_Value = 0;  Disclaimer: The data being submitted by UNDRR has been extracted from two sources: (a) the Sendai Framework Monitoring System as provided by designated national focal points; and (b) DesInventar disaster loss databases. Some of the data has not followed an official validation process and may be subject to revision at a later date.,"Number of missing persons due to disaster [1.5.1, 11.5.1, 13.1.1]",Number,0.0
2007,Obs_Value = 0;  Disclaimer: The data being submitted by UNDRR has been extracted from two sources: (a) the Sendai Framework Monitoring System as provided by designated national focal points; and (b) DesInventar disaster loss databases. Some of the data has not followed an official validation process and may be subject to revision at a later date.,"Number of missing persons due to disaster [1.5.1, 11.5.1, 13.1.1]",Number,0.0
2008,Obs_Value = 0;  Disclaimer: The data being submitted by UNDRR has been extracted from two sources: (a) the Sendai Framework Monitoring System as provided by designated national focal points; and (b) DesInventar disaster loss databases. Some of the data has not followed an official validation process and may be subject to revision at a later date.,"Number of missing persons due to disaster [1.5.1, 11.5.1, 13.1.1]",Number,0.0
2009,Obs_Value = 0;  Disclaimer: The data being submitted by UNDRR has been extracted from two sources: (a) the Sendai Framework Monitoring System as provided by designated national focal points; and (b) DesInventar disaster loss databases. Some of the data has not followed an official validation process and may be subject to revision at a later date.,"Number of missing persons due to disaster [1.5.1, 11.5.1, 13.1.1]",Number,0.0
2010,Obs_Value = 0;  Disclaimer: The data being submitted by UNDRR has been extracted from two sources: (a) the Sendai Framework Monitoring System as provided by designated national focal points; and (b) DesInventar disaster loss databases. Some of the data has not followed an official validation process and may be subject to revision at a later date.,"Number of missing persons due to disaster [1.5.1, 11.5.1, 13.1.1]",Number,0.0
2011,Obs_Value = 0;  Disclaimer: The data being submitted by UNDRR has been extracted from two sources: (a) the Sendai Framework Monitoring System as provided by designated national focal points; and (b) DesInventar disaster loss databases. Some of the data has not followed an official validation process and may be subject to revision at a later date.,"Number of missing persons due to disaster [1.5.1, 11.5.1, 13.1.1]",Number,0.0
2012,Obs_Value = 0;  Disclaimer: The data being submitted by UNDRR has been extracted from two sources: (a) the Sendai Framework Monitoring System as provided by designated national focal points; and (b) DesInventar disaster loss databases. Some of the data has not followed an official validation process and may be subject to revision at a later date.,"Number of missing persons due to disaster [1.5.1, 11.5.1, 13.1.1]",Number,0.0
2016,Disclaimer: The data being submitted by UNDRR has been extracted from two sources: (a) the Sendai Framework Monitoring System as provided by designated national focal points; and (b) DesInventar disaster loss databases. Some of the data has not followed an official validation process and may be subject to revision at a later date.,"Number of missing persons due to disaster [1.5.1, 11.5.1, 13.1.1]",Number,15.0
2005,Disclaimer: The data being submitted by UNDRR has been extracted from two sources: (a) the Sendai Framework Monitoring System as provided by designated national focal points; and (b) DesInventar disaster loss databases. Some of the data has not followed an official validation process and may be subject to revision at a later date.,"Number of deaths and missing persons attributed to disasters [1.5.1, 11.5.1, 13.1.1]",Number,542.0
2006,Disclaimer: The data being submitted by UNDRR has been extracted from two sources: (a) the Sendai Framework Monitoring System as provided by designated national focal points; and (b) DesInventar disaster loss databases. Some of the data has not followed an official validation process and may be subject to revision at a later date.,"Number of deaths and missing persons attributed to disasters [1.5.1, 11.5.1, 13.1.1]",Number,1840.0
2007,Obs_Value = 0;  Disclaimer: The data being submitted by UNDRR has been extracted from two sources: (a) the Sendai Framework Monitoring System as provided by designated national focal points; and (b) DesInventar disaster loss databases. Some of the data has not followed an official validation process and may be subject to revision at a later date.,"Number of deaths and missing persons attributed to disasters [1.5.1, 11.5.1, 13.1.1]",Number,0.0
2008,Disclaimer: The data being submitted by UNDRR has been extracted from two sources: (a) the Sendai Framework Monitoring System as provided by designated national focal points; and (b) DesInventar disaster loss databases. Some of the data has not followed an official validation process and may be subject to revision at a later date.,"Number of deaths and missing persons attributed to disasters [1.5.1, 11.5.1, 13.1.1]",Number,151.0
2009,Disclaimer: The data being submitted by UNDRR has been extracted from two sources: (a) the Sendai Framework Monitoring System as provided by designated national focal points; and (b) DesInventar disaster loss databases. Some of the data has not followed an official validation process and may be subject to revision at a later date.,"Number of deaths and missing persons attributed to disasters [1.5.1, 11.5.1, 13.1.1]",Number,6.0
2010,Disclaimer: The data being submitted by UNDRR has been extracted from two sources: (a) the Sendai Framework Monitoring System as provided by designated national focal points; and (b) DesInventar disaster loss databases. Some of the data has not followed an official validation process and may be subject to revision at a later date.,"Number of deaths and missing persons attributed to disasters [1.5.1, 11.5.1, 13.1.1]",Number,66.0
2011,Disclaimer: The data being submitted by UNDRR has been extracted from two sources: (a) the Sendai Framework Monitoring System as provided by designated national focal points; and (b) DesInventar disaster loss databases. Some of the data has not followed an official validation process and may be subject to revision at a later date.,"Number of deaths and missing persons attributed to disasters [1.5.1, 11.5.1, 13.1.1]",Number,94.0
2012,Disclaimer: The data being submitted by UNDRR has been extracted from two sources: (a) the Sendai Framework Monitoring System as provided by designated national focal points; and (b) DesInventar disaster loss databases. Some of the data has not followed an official validation process and may be subject to revision at a later date.,"Number of deaths and missing persons attributed to disasters [1.5.1, 11.5.1, 13.1.1]",Number,80.0
2013,Disclaimer: The data being submitted by UNDRR has been extracted from two sources: (a) the Sendai Framework Monitoring System as provided by designated national focal points; and (b) DesInventar disaster loss databases. Some of the data has not followed an official validation process and may be subject to revision at a later date.,"Number of deaths and missing persons attributed to disasters [1.5.1, 11.5.1, 13.1.1]",Number,198.0
2014,Disclaimer: The data being submitted by UNDRR has been extracted from two sources: (a) the Sendai Framework Monitoring System as provided by designated national focal points; and (b) DesInventar disaster loss databases. Some of the data has not followed an official validation process and may be subject to revision at a later date.,"Number of deaths and missing persons attributed to disasters [1.5.1, 11.5.1, 13.1.1]",Number,74.0
2015,Disclaimer: The data being submitted by UNDRR has been extracted from two sources: (a) the Sendai Framework Monitoring System as provided by designated national focal points; and (b) DesInventar disaster loss databases. Some of the data has not followed an official validation process and may be subject to revision at a later date.,"Number of deaths and missing persons attributed to disasters [1.5.1, 11.5.1, 13.1.1]",Number,75.0
2016,Disclaimer: The data being submitted by UNDRR has been extracted from two sources: (a) the Sendai Framework Monitoring System as provided by designated national focal points; and (b) DesInventar disaster loss databases. Some of the data has not followed an official validation process and may be subject to revision at a later date.,"Number of deaths and missing persons attributed to disasters [1.5.1, 11.5.1, 13.1.1]",Number,382.0
2017,Disclaimer: The data being submitted by UNDRR has been extracted from two sources: (a) the Sendai Framework Monitoring System as provided by designated national focal points; and (b) DesInventar disaster loss databases. Some of the data has not followed an official validation process and may be subject to revision at a later date.,"Number of deaths and missing persons attributed to disasters [1.5.1, 11.5.1, 13.1.1]",Number,153.0
2018,Disclaimer: The data being submitted by UNDRR has been extracted from two sources: (a) the Sendai Framework Monitoring System as provided by designated national focal points; and (b) DesInventar disaster loss databases. Some of the data has not followed an official validation process and may be subject to revision at a later date.,"Number of deaths and missing persons attributed to disasters [1.5.1, 11.5.1, 13.1.1]",Number,237.0
2019,Disclaimer: The data being submitted by UNDRR has been extracted from two sources: (a) the Sendai Framework Monitoring System as provided by designated national focal points; and (b) DesInventar disaster loss databases. Some of the data has not followed an official validation process and may be subject to revision at a later date.,"Number of deaths and missing persons attributed to disasters [1.5.1, 11.5.1, 13.1.1]",Number,235.0
2005,Disclaimer: The data being submitted by UNDRR has been extracted from two sources: (a) the Sendai Framework Monitoring System as provided by designated national focal points; and (b) DesInventar disaster loss databases. Some of the data has not followed an official validation process and may be subject to revision at a later date.,"Number of deaths due to disaster [1.5.1, 11.5.1, 13.1.1]",Number,542.0
2006,Disclaimer: The data being submitted by UNDRR has been extracted from two sources: (a) the Sendai Framework Monitoring System as provided by designated national focal points; and (b) DesInventar disaster loss databases. Some of the data has not followed an official validation process and may be subject to revision at a later date.,"Number of deaths due to disaster [1.5.1, 11.5.1, 13.1.1]",Number,1840.0
2007,Obs_Value = 0;  Disclaimer: The data being submitted by UNDRR has been extracted from two sources: (a) the Sendai Framework Monitoring System as provided by designated national focal points; and (b) DesInventar disaster loss databases. Some of the data has not followed an official validation process and may be subject to revision at a later date.,"Number of deaths due to disaster [1.5.1, 11.5.1, 13.1.1]",Number,0.0
2008,Disclaimer: The data being submitted by UNDRR has been extracted from two sources: (a) the Sendai Framework Monitoring System as provided by designated national focal points; and (b) DesInventar disaster loss databases. Some of the data has not followed an official validation process and may be subject to revision at a later date.,"Number of deaths due to disaster [1.5.1, 11.5.1, 13.1.1]",Number,151.0
2009,Disclaimer: The data being submitted by UNDRR has been extracted from two sources: (a) the Sendai Framework Monitoring System as provided by designated national focal points; and (b) DesInventar disaster loss databases. Some of the data has not followed an official validation process and may be subject to revision at a later date.,"Number of deaths due to disaster [1.5.1, 11.5.1, 13.1.1]",Number,6.0
2010,Disclaimer: The data being submitted by UNDRR has been extracted from two sources: (a) the Sendai Framework Monitoring System as provided by designated national focal points; and (b) DesInventar disaster loss databases. Some of the data has not followed an official validation process and may be subject to revision at a later date.,"Number of deaths due to disaster [1.5.1, 11.5.1, 13.1.1]",Number,66.0
2011,Disclaimer: The data being submitted by UNDRR has been extracted from two sources: (a) the Sendai Framework Monitoring System as provided by designated national focal points; and (b) DesInventar disaster loss databases. Some of the data has not followed an official validation process and may be subject to revision at a later date.,"Number of deaths due to disaster [1.5.1, 11.5.1, 13.1.1]",Number,94.0
2012,Disclaimer: The data being submitted by UNDRR has been extracted from two sources: (a) the Sendai Framework Monitoring System as provided by designated national focal points; and (b) DesInventar disaster loss databases. Some of the data has not followed an official validation process and may be subject to revision at a later date.,"Number of deaths due to disaster [1.5.1, 11.5.1, 13.1.1]",Number,80.0
2013,Disclaimer: The data being submitted by UNDRR has been extracted from two sources: (a) the Sendai Framework Monitoring System as provided by designated national focal points; and (b) DesInventar disaster loss databases. Some of the data has not followed an official validation process and may be subject to revision at a later date.,"Number of deaths due to disaster [1.5.1, 11.5.1, 13.1.1]",Number,198.0
2014,Disclaimer: The data being submitted by UNDRR has been extracted from two sources: (a) the Sendai Framework Monitoring System as provided by designated national focal points; and (b) DesInventar disaster loss databases. Some of the data has not followed an official validation process and may be subject to revision at a later date.,"Number of deaths due to disaster [1.5.1, 11.5.1, 13.1.1]",Number,74.0
2015,Disclaimer: The data being submitted by UNDRR has been extracted from two sources: (a) the Sendai Framework Monitoring System as provided by designated national focal points; and (b) DesInventar disaster loss databases. Some of the data has not followed an official validation process and may be subject to revision at a later date.,"Number of deaths due to disaster [1.5.1, 11.5.1, 13.1.1]",Number,75.0
2016,Disclaimer: The data being submitted by UNDRR has been extracted from two sources: (a) the Sendai Framework Monitoring System as provided by designated national focal points; and (b) DesInventar disaster loss databases. Some of the data has not followed an official validation process and may be subject to revision at a later date.,"Number of deaths due to disaster [1.5.1, 11.5.1, 13.1.1]",Number,367.0
2017,Disclaimer: The data being submitted by UNDRR has been extracted from two sources: (a) the Sendai Framework Monitoring System as provided by designated national focal points; and (b) DesInventar disaster loss databases. Some of the data has not followed an official validation process and may be subject to revision at a later date.,"Number of deaths due to disaster [1.5.1, 11.5.1, 13.1.1]",Number,153.0
2018,Disclaimer: The data being submitted by UNDRR has been extracted from two sources: (a) the Sendai Framework Monitoring System as provided by designated national focal points; and (b) DesInventar disaster loss databases. Some of the data has not followed an official validation process and may be subject to revision at a later date.,"Number of deaths due to disaster [1.5.1, 11.5.1, 13.1.1]",Number,237.0
2019,Disclaimer: The data being submitted by UNDRR has been extracted from two sources: (a) the Sendai Framework Monitoring System as provided by designated national focal points; and (b) DesInventar disaster loss databases. Some of the data has not followed an official validation process and may be subject to revision at a later date.,"Number of deaths due to disaster [1.5.1, 11.5.1, 13.1.1]",Number,235.0
2005,Disclaimer: The data being submitted by UNDRR has been extracted from two sources: (a) the Sendai Framework Monitoring System as provided by designated national focal points; and (b) DesInventar disaster loss databases. Some of the data has not followed an official validation process and may be subject to revision at a later date.,"Number of deaths and missing persons attributed to disasters per 100,000 population [1.5.1, 11.5.1, 13.1.1]","Per 100,000 population",0.79356
2006,Disclaimer: The data being submitted by UNDRR has been extracted from two sources: (a) the Sendai Framework Monitoring System as provided by designated national focal points; and (b) DesInventar disaster loss databases. Some of the data has not followed an official validation process and may be subject to revision at a later date.,"Number of deaths and missing persons attributed to disasters per 100,000 population [1.5.1, 11.5.1, 13.1.1]","Per 100,000 population",2.54144
2007,Obs_Value = 0;  Disclaimer: The data being submitted by UNDRR has been extracted from two sources: (a) the Sendai Framework Monitoring System as provided by designated national focal points; and (b) DesInventar disaster loss databases. Some of the data has not followed an official validation process and may be subject to revision at a later date.,"Number of deaths and missing persons attributed to disasters per 100,000 population [1.5.1, 11.5.1, 13.1.1]","Per 100,000 population",0.0
2008,Disclaimer: The data being submitted by UNDRR has been extracted from two sources: (a) the Sendai Framework Monitoring System as provided by designated national focal points; and (b) DesInventar disaster loss databases. Some of the data has not followed an official validation process and may be subject to revision at a later date.,"Number of deaths and missing persons attributed to disasters per 100,000 population [1.5.1, 11.5.1, 13.1.1]","Per 100,000 population",0.19942
2009,Disclaimer: The data being submitted by UNDRR has been extracted from two sources: (a) the Sendai Framework Monitoring System as provided by designated national focal points; and (b) DesInventar disaster loss databases. Some of the data has not followed an official validation process and may be subject to revision at a later date.,"Number of deaths and missing persons attributed to disasters per 100,000 population [1.5.1, 11.5.1, 13.1.1]","Per 100,000 population",0.00773
2010,Disclaimer: The data being submitted by UNDRR has been extracted from two sources: (a) the Sendai Framework Monitoring System as provided by designated national focal points; and (b) DesInventar disaster loss databases. Some of the data has not followed an official validation process and may be subject to revision at a later date.,"Number of deaths and missing persons attributed to disasters per 100,000 population [1.5.1, 11.5.1, 13.1.1]","Per 100,000 population",0.08288
2011,Disclaimer: The data being submitted by UNDRR has been extracted from two sources: (a) the Sendai Framework Monitoring System as provided by designated national focal points; and (b) DesInventar disaster loss databases. Some of the data has not followed an official validation process and may be subject to revision at a later date.,"Number of deaths and missing persons attributed to disasters per 100,000 population [1.5.1, 11.5.1, 13.1.1]","Per 100,000 population",0.1151
2012,Disclaimer: The data being submitted by UNDRR has been extracted from two sources: (a) the Sendai Framework Monitoring System as provided by designated national focal points; and (b) DesInventar disaster loss databases. Some of the data has not followed an official validation process and may be subject to revision at a later date.,"Number of deaths and missing persons attributed to disasters per 100,000 population [1.5.1, 11.5.1, 13.1.1]","Per 100,000 population",0.09553
2013,Disclaimer: The data being submitted by UNDRR has been extracted from two sources: (a) the Sendai Framework Monitoring System as provided by designated national focal points; and (b) DesInventar disaster loss databases. Some of the data has not followed an official validation process and may be subject to revision at a later date.,"Number of deaths and missing persons attributed to disasters per 100,000 population [1.5.1, 11.5.1, 13.1.1]","Per 100,000 population",0.23067
2014,Disclaimer: The data being submitted by UNDRR has been extracted from two sources: (a) the Sendai Framework Monitoring System as provided by designated national focal points; and (b) DesInventar disaster loss databases. Some of the data has not followed an official validation process and may be subject to revision at a later date.,"Number of deaths and missing persons attributed to disasters per 100,000 population [1.5.1, 11.5.1, 13.1.1]","Per 100,000 population",0.08414
2015,Disclaimer: The data being submitted by UNDRR has been extracted from two sources: (a) the Sendai Framework Monitoring System as provided by designated national focal points; and (b) DesInventar disaster loss databases. Some of the data has not followed an official validation process and may be subject to revision at a later date.,"Number of deaths and missing persons attributed to disasters per 100,000 population [1.5.1, 11.5.1, 13.1.1]","Per 100,000 population",0.08326
2016,Disclaimer: The data being submitted by UNDRR has been extracted from two sources: (a) the Sendai Framework Monitoring System as provided by designated national focal points; and (b) DesInventar disaster loss databases. Some of the data has not followed an official validation process and may be subject to revision at a later date.,"Number of deaths and missing persons attributed to disasters per 100,000 population [1.5.1, 11.5.1, 13.1.1]","Per 100,000 population",0.41429
2017,Disclaimer: The data being submitted by UNDRR has been extracted from two sources: (a) the Sendai Framework Monitoring System as provided by designated national focal points; and (b) DesInventar disaster loss databases. Some of the data has not followed an official validation process and may be subject to revision at a later date.,"Number of deaths and missing persons attributed to disasters per 100,000 population [1.5.1, 11.5.1, 13.1.1]","Per 100,000 population",0.16216
2018,Disclaimer: The data being submitted by UNDRR has been extracted from two sources: (a) the Sendai Framework Monitoring System as provided by designated national focal points; and (b) DesInventar disaster loss databases. Some of the data has not followed an official validation process and may be subject to revision at a later date.,"Number of deaths and missing persons attributed to disasters per 100,000 population [1.5.1, 11.5.1, 13.1.1]","Per 100,000 population",0.24559
2019,Disclaimer: The data being submitted by UNDRR has been extracted from two sources: (a) the Sendai Framework Monitoring System as provided by designated national focal points; and (b) DesInventar disaster loss databases. Some of the data has not followed an official validation process and may be subject to revision at a later date.,"Number of deaths and missing persons attributed to disasters per 100,000 population [1.5.1, 11.5.1, 13.1.1]","Per 100,000 population",0.23818
2005,Disclaimer: The data being submitted by UNDRR has been extracted from two sources: (a) the Sendai Framework Monitoring System as provided by designated national focal points; and (b) DesInventar disaster loss databases. Some of the data has not followed an official validation process and may be subject to revision at a later date.,"Number of people whose damaged dwellings were attributed to disasters [1.5.1, 11.5.1, 13.1.1]",Number,11.0
2006,Disclaimer: The data being submitted by UNDRR has been extracted from two sources: (a) the Sendai Framework Monitoring System as provided by designated national focal points; and (b) DesInventar disaster loss databases. Some of the data has not followed an official validation process and may be subject to revision at a later date.,"Number of people whose damaged dwellings were attributed to disasters [1.5.1, 11.5.1, 13.1.1]",Number,10.0
2007,Disclaimer: The data being submitted by UNDRR has been extracted from two sources: (a) the Sendai Framework Monitoring System as provided by designated national focal points; and (b) DesInventar disaster loss databases. Some of the data has not followed an official validation process and may be subject to revision at a later date.,"Number of people whose damaged dwellings were attributed to disasters [1.5.1, 11.5.1, 13.1.1]",Number,2.0
2008,Obs_Value = 0;  Disclaimer: The data being submitted by UNDRR has been extracted from two sources: (a) the Sendai Framework Monitoring System as provided by designated national focal points; and (b) DesInventar disaster loss databases. Some of the data has not followed an official validation process and may be subject to revision at a later date.,"Number of people whose damaged dwellings were attributed to disasters [1.5.1, 11.5.1, 13.1.1]",Number,0.0
2009,Obs_Value = 0;  Disclaimer: The data being submitted by UNDRR has been extracted from two sources: (a) the Sendai Framework Monitoring System as provided by designated national focal points; and (b) DesInventar disaster loss databases. Some of the data has not followed an official validation process and may be subject to revision at a later date.,"Number of people whose damaged dwellings were attributed to disasters [1.5.1, 11.5.1, 13.1.1]",Number,0.0
2010,Disclaimer: The data being submitted by UNDRR has been extracted from two sources: (a) the Sendai Framework Monitoring System as provided by designated national focal points; and (b) DesInventar disaster loss databases. Some of the data has not followed an official validation process and may be subject to revision at a later date.,"Number of people whose damaged dwellings were attributed to disasters [1.5.1, 11.5.1, 13.1.1]",Number,4801.0
2011,Disclaimer: The data being submitted by UNDRR has been extracted from two sources: (a) the Sendai Framework Monitoring System as provided by designated national focal points; and (b) DesInventar disaster loss databases. Some of the data has not followed an official validation process and may be subject to revision at a later date.,"Number of people whose damaged dwellings were attributed to disasters [1.5.1, 11.5.1, 13.1.1]",Number,7235.0
2012,Disclaimer: The data being submitted by UNDRR has been extracted from two sources: (a) the Sendai Framework Monitoring System as provided by designated national focal points; and (b) DesInventar disaster loss databases. Some of the data has not followed an official validation process and may be subject to revision at a later date.,"Number of people whose damaged dwellings were attributed to disasters [1.5.1, 11.5.1, 13.1.1]",Number,4685.0
2013,Disclaimer: The data being submitted by UNDRR has been extracted from two sources: (a) the Sendai Framework Monitoring System as provided by designated national focal points; and (b) DesInventar disaster loss databases. Some of the data has not followed an official validation process and may be subject to revision at a later date.,"Number of people whose damaged dwellings were attributed to disasters [1.5.1, 11.5.1, 13.1.1]",Number,4215.0
2014,Disclaimer: The data being submitted by UNDRR has been extracted from two sources: (a) the Sendai Framework Monitoring System as provided by designated national focal points; and (b) DesInventar disaster loss databases. Some of the data has not followed an official validation process and may be subject to revision at a later date.,"Number of people whose damaged dwellings were attributed to disasters [1.5.1, 11.5.1, 13.1.1]",Number,7184.0
2015,Disclaimer: The data being submitted by UNDRR has been extracted from two sources: (a) the Sendai Framework Monitoring System as provided by designated national focal points; and (b) DesInventar disaster loss databases. Some of the data has not followed an official validation process and may be subject to revision at a later date.,"Number of people whose damaged dwellings were attributed to disasters [1.5.1, 11.5.1, 13.1.1]",Number,5953.0
2016,Disclaimer: The data being submitted by UNDRR has been extracted from two sources: (a) the Sendai Framework Monitoring System as provided by designated national focal points; and (b) DesInventar disaster loss databases. Some of the data has not followed an official validation process and may be subject to revision at a later date.,"Number of people whose damaged dwellings were attributed to disasters [1.5.1, 11.5.1, 13.1.1]",Number,4289.0
2017,Disclaimer: The data being submitted by UNDRR has been extracted from two sources: (a) the Sendai Framework Monitoring System as provided by designated national focal points; and (b) DesInventar disaster loss databases. Some of the data has not followed an official validation process and may be subject to revision at a later date.,"Number of people whose damaged dwellings were attributed to disasters [1.5.1, 11.5.1, 13.1.1]",Number,252041.0
2018,Disclaimer: The data being submitted by UNDRR has been extracted from two sources: (a) the Sendai Framework Monitoring System as provided by designated national focal points; and (b) DesInventar disaster loss databases. Some of the data has not followed an official validation process and may be subject to revision at a later date.,"Number of people whose damaged dwellings were attributed to disasters [1.5.1, 11.5.1, 13.1.1]",Number,11611.0
2019,Disclaimer: The data being submitted by UNDRR has been extracted from two sources: (a) the Sendai Framework Monitoring System as provided by designated national focal points; and (b) DesInventar disaster loss databases. Some of the data has not followed an official validation process and may be subject to revision at a later date.,"Number of people whose damaged dwellings were attributed to disasters [1.5.1, 11.5.1, 13.1.1]",Number,7458.0
2005,Disclaimer: The data being submitted by UNDRR has been extracted from two sources: (a) the Sendai Framework Monitoring System as provided by designated national focal points; and (b) DesInventar disaster loss databases. Some of the data has not followed an official validation process and may be subject to revision at a later date.,"Number of people whose livelihoods were disrupted or destroyed, attributed to disasters [1.5.1, 11.5.1, 13.1.1]",Number,5180225.0
2006,Disclaimer: The data being submitted by UNDRR has been extracted from two sources: (a) the Sendai Framework Monitoring System as provided by designated national focal points; and (b) DesInventar disaster loss databases. Some of the data has not followed an official validation process and may be subject to revision at a later date.,"Number of people whose livelihoods were disrupted or destroyed, attributed to disasters [1.5.1, 11.5.1, 13.1.1]",Number,10010954.0
2007,Disclaimer: The data being submitted by UNDRR has been extracted from two sources: (a) the Sendai Framework Monitoring System as provided by designated national focal points; and (b) DesInventar disaster loss databases. Some of the data has not followed an official validation process and may be subject to revision at a later date.,"Number of people whose livelihoods were disrupted or destroyed, attributed to disasters [1.5.1, 11.5.1, 13.1.1]",Number,3161611.0
2008,Disclaimer: The data being submitted by UNDRR has been extracted from two sources: (a) the Sendai Framework Monitoring System as provided by designated national focal points; and (b) DesInventar disaster loss databases. Some of the data has not followed an official validation process and may be subject to revision at a later date.,"Number of people whose livelihoods were disrupted or destroyed, attributed to disasters [1.5.1, 11.5.1, 13.1.1]",Number,2358997.0
2009,Disclaimer: The data being submitted by UNDRR has been extracted from two sources: (a) the Sendai Framework Monitoring System as provided by designated national focal points; and (b) DesInventar disaster loss databases. Some of the data has not followed an official validation process and may be subject to revision at a later date.,"Number of people whose livelihoods were disrupted or destroyed, attributed to disasters [1.5.1, 11.5.1, 13.1.1]",Number,5004155.0
2010,Disclaimer: The data being submitted by UNDRR has been extracted from two sources: (a) the Sendai Framework Monitoring System as provided by designated national focal points; and (b) DesInventar disaster loss databases. Some of the data has not followed an official validation process and may be subject to revision at a later date.,"Number of people whose livelihoods were disrupted or destroyed, attributed to disasters [1.5.1, 11.5.1, 13.1.1]",Number,6351815.0
2011,Disclaimer: The data being submitted by UNDRR has been extracted from two sources: (a) the Sendai Framework Monitoring System as provided by designated national focal points; and (b) DesInventar disaster loss databases. Some of the data has not followed an official validation process and may be subject to revision at a later date.,"Number of people whose livelihoods were disrupted or destroyed, attributed to disasters [1.5.1, 11.5.1, 13.1.1]",Number,2843212.0
2012,Disclaimer: The data being submitted by UNDRR has been extracted from two sources: (a) the Sendai Framework Monitoring System as provided by designated national focal points; and (b) DesInventar disaster loss databases. Some of the data has not followed an official validation process and may be subject to revision at a later date.,"Number of people whose livelihoods were disrupted or destroyed, attributed to disasters [1.5.1, 11.5.1, 13.1.1]",Number,3275040.0
2013,Disclaimer: The data being submitted by UNDRR has been extracted from two sources: (a) the Sendai Framework Monitoring System as provided by designated national focal points; and (b) DesInventar disaster loss databases. Some of the data has not followed an official validation process and may be subject to revision at a later date.,"Number of people whose livelihoods were disrupted or destroyed, attributed to disasters [1.5.1, 11.5.1, 13.1.1]",Number,2614439.0
2014,Disclaimer: The data being submitted by UNDRR has been extracted from two sources: (a) the Sendai Framework Monitoring System as provided by designated national focal points; and (b) DesInventar disaster loss databases. Some of the data has not followed an official validation process and may be subject to revision at a later date.,"Number of people whose livelihoods were disrupted or destroyed, attributed to disasters [1.5.1, 11.5.1, 13.1.1]",Number,1942183.0
2015,Disclaimer: The data being submitted by UNDRR has been extracted from two sources: (a) the Sendai Framework Monitoring System as provided by designated national focal points; and (b) DesInventar disaster loss databases. Some of the data has not followed an official validation process and may be subject to revision at a later date.,"Number of people whose livelihoods were disrupted or destroyed, attributed to disasters [1.5.1, 11.5.1, 13.1.1]",Number,7911355.0
2016,Disclaimer: The data being submitted by UNDRR has been extracted from two sources: (a) the Sendai Framework Monitoring System as provided by designated national focal points; and (b) DesInventar disaster loss databases. Some of the data has not followed an official validation process and may be subject to revision at a later date.,"Number of people whose livelihoods were disrupted or destroyed, attributed to disasters [1.5.1, 11.5.1, 13.1.1]",Number,10171157.0
2017,Disclaimer: The data being submitted by UNDRR has been extracted from two sources: (a) the Sendai Framework Monitoring System as provided by designated national focal points; and (b) DesInventar disaster loss databases. Some of the data has not followed an official validation process and may be subject to revision at a later date.,"Number of people whose livelihoods were disrupted or destroyed, attributed to disasters [1.5.1, 11.5.1, 13.1.1]",Number,9361811.0
2018,Disclaimer: The data being submitted by UNDRR has been extracted from two sources: (a) the Sendai Framework Monitoring System as provided by designated national focal points; and (b) DesInventar disaster loss databases. Some of the data has not followed an official validation process and may be subject to revision at a later date.,"Number of people whose livelihoods were disrupted or destroyed, attributed to disasters [1.5.1, 11.5.1, 13.1.1]",Number,8029320.0
2019,Disclaimer: The data being submitted by UNDRR has been extracted from two sources: (a) the Sendai Framework Monitoring System as provided by designated national focal points; and (b) DesInventar disaster loss databases. Some of the data has not followed an official validation process and may be subject to revision at a later date.,"Number of people whose livelihoods were disrupted or destroyed, attributed to disasters [1.5.1, 11.5.1, 13.1.1]",Number,8125809.0
2005,Disclaimer: The data being submitted by UNDRR has been extracted from two sources: (a) the Sendai Framework Monitoring System as provided by designated national focal points; and (b) DesInventar disaster loss databases. Some of the data has not followed an official validation process and may be subject to revision at a later date.,"Number of people whose destroyed dwellings were attributed to disasters [1.5.1, 11.5.1, 13.1.1]",Number,34.0
2006,Obs_Value = 0;  Disclaimer: The data being submitted by UNDRR has been extracted from two sources: (a) the Sendai Framework Monitoring System as provided by designated national focal points; and (b) DesInventar disaster loss databases. Some of the data has not followed an official validation process and may be subject to revision at a later date.,"Number of people whose destroyed dwellings were attributed to disasters [1.5.1, 11.5.1, 13.1.1]",Number,0.0
2007,Disclaimer: The data being submitted by UNDRR has been extracted from two sources: (a) the Sendai Framework Monitoring System as provided by designated national focal points; and (b) DesInventar disaster loss databases. Some of the data has not followed an official validation process and may be subject to revision at a later date.,"Number of people whose destroyed dwellings were attributed to disasters [1.5.1, 11.5.1, 13.1.1]",Number,34.0
2008,Disclaimer: The data being submitted by UNDRR has been extracted from two sources: (a) the Sendai Framework Monitoring System as provided by designated national focal points; and (b) DesInventar disaster loss databases. Some of the data has not followed an official validation process and may be subject to revision at a later date.,"Number of people whose destroyed dwellings were attributed to disasters [1.5.1, 11.5.1, 13.1.1]",Number,10.0
2009,Disclaimer: The data being submitted by UNDRR has been extracted from two sources: (a) the Sendai Framework Monitoring System as provided by designated national focal points; and (b) DesInventar disaster loss databases. Some of the data has not followed an official validation process and may be subject to revision at a later date.,"Number of people whose destroyed dwellings were attributed to disasters [1.5.1, 11.5.1, 13.1.1]",Number,8.0
2010,Disclaimer: The data being submitted by UNDRR has been extracted from two sources: (a) the Sendai Framework Monitoring System as provided by designated national focal points; and (b) DesInventar disaster loss databases. Some of the data has not followed an official validation process and may be subject to revision at a later date.,"Number of people whose destroyed dwellings were attributed to disasters [1.5.1, 11.5.1, 13.1.1]",Number,738.0
2011,Obs_Value = 0;  Disclaimer: The data being submitted by UNDRR has been extracted from two sources: (a) the Sendai Framework Monitoring System as provided by designated national focal points; and (b) DesInventar disaster loss databases. Some of the data has not followed an official validation process and may be subject to revision at a later date.,"Number of people whose destroyed dwellings were attributed to disasters [1.5.1, 11.5.1, 13.1.1]",Number,0.0
2012,Disclaimer: The data being submitted by UNDRR has been extracted from two sources: (a) the Sendai Framework Monitoring System as provided by designated national focal points; and (b) DesInventar disaster loss databases. Some of the data has not followed an official validation process and may be subject to revision at a later date.,"Number of people whose destroyed dwellings were attributed to disasters [1.5.1, 11.5.1, 13.1.1]",Number,16.0
2013,Obs_Value = 0;  Disclaimer: The data being submitted by UNDRR has been extracted from two sources: (a) the Sendai Framework Monitoring System as provided by designated national focal points; and (b) DesInventar disaster loss databases. Some of the data has not followed an official validation process and may be subject to revision at a later date.,"Number of people whose destroyed dwellings were attributed to disasters [1.5.1, 11.5.1, 13.1.1]",Number,0.0
2014,Disclaimer: The data being submitted by UNDRR has been extracted from two sources: (a) the Sendai Framework Monitoring System as provided by designated national focal points; and (b) DesInventar disaster loss databases. Some of the data has not followed an official validation process and may be subject to revision at a later date.,"Number of people whose destroyed dwellings were attributed to disasters [1.5.1, 11.5.1, 13.1.1]",Number,6.0
2015,Disclaimer: The data being submitted by UNDRR has been extracted from two sources: (a) the Sendai Framework Monitoring System as provided by designated national focal points; and (b) DesInventar disaster loss databases. Some of the data has not followed an official validation process and may be subject to revision at a later date.,"Number of people whose destroyed dwellings were attributed to disasters [1.5.1, 11.5.1, 13.1.1]",Number,181.0
2016,Obs_Value = 0;  Disclaimer: The data being submitted by UNDRR has been extracted from two sources: (a) the Sendai Framework Monitoring System as provided by designated national focal points; and (b) DesInventar disaster loss databases. Some of the data has not followed an official validation process and may be subject to revision at a later date.,"Number of people whose destroyed dwellings were attributed to disasters [1.5.1, 11.5.1, 13.1.1]",Number,0.0
2017,Obs_Value = 0;  Disclaimer: The data being submitted by UNDRR has been extracted from two sources: (a) the Sendai Framework Monitoring System as provided by designated national focal points; and (b) DesInventar disaster loss databases. Some of the data has not followed an official validation process and may be subject to revision at a later date.,"Number of people whose destroyed dwellings were attributed to disasters [1.5.1, 11.5.1, 13.1.1]",Number,0.0
2018,Disclaimer: The data being submitted by UNDRR has been extracted from two sources: (a) the Sendai Framework Monitoring System as provided by designated national focal points; and (b) DesInventar disaster loss databases. Some of the data has not followed an official validation process and may be subject to revision at a later date.,"Number of people whose destroyed dwellings were attributed to disasters [1.5.1, 11.5.1, 13.1.1]",Number,220789.0
2019,Disclaimer: The data being submitted by UNDRR has been extracted from two sources: (a) the Sendai Framework Monitoring System as provided by designated national focal points; and (b) DesInventar disaster loss databases. Some of the data has not followed an official validation process and may be subject to revision at a later date.,"Number of people whose destroyed dwellings were attributed to disasters [1.5.1, 11.5.1, 13.1.1]",Number,20363.0
