Year,UNIT_MULT,NATURE,UPPER_BOUND,LOWER_BOUND,SOURCE_DETAIL,SDG Series,Unit of measure,Unit multiplier,Nature of data points,Upper bound value,Lower bound value,Source details,COMMENT_OBS,Observation-level footnotes,Value
2000,0,CA,13.4,11.4,"Ethiopia demographic and health survey 2000. Demographic and Health Surveys. Addis Ababa, Ethiopia and Calverton, Maryland, USA: Central Statistical Authority and ORC Macro, 2001",Proportion of children moderately or severely wasted [2.2.2],Percent,Units,Country Data,10.9,9.1,"Ethiopia Mini Demographic and Health Survey 2019: Key Indicators. Rockville, Maryland, USA: EPHI and ICF.",,,12.4
2005,0,CA,13.8,11.1,"Ethiopia demographic and health survey 2005. Demographic and Health Surveys. Addis Ababa, Ethiopia and Calverton, Maryland, USA: General Statistical Agency and ORC Macro, 2006",Proportion of children moderately or severely wasted [2.2.2],Percent,Units,Country Data,10.9,9.1,"Ethiopia Mini Demographic and Health Survey 2019: Key Indicators. Rockville, Maryland, USA: EPHI and ICF.",,,12.4
2011,0,CA,10.8,8.8,"Ethiopia demographic and health survey 2011. Demographic and Health Surveys. Addis Ababa, Ethiopia and Calverton, Maryland, USA: Central Statistical Agency and ICF International, 2012",Proportion of children moderately or severely wasted [2.2.2],Percent,Units,Country Data,10.9,9.1,"Ethiopia Mini Demographic and Health Survey 2019: Key Indicators. Rockville, Maryland, USA: EPHI and ICF.",,,9.8
2014,0,CA,10.4,7.5,"Ethiopia mini demographic and health survey 2014. Addis Ababa, Ethiopia, 2014.",Proportion of children moderately or severely wasted [2.2.2],Percent,Units,Country Data,10.9,9.1,"Ethiopia Mini Demographic and Health Survey 2019: Key Indicators. Rockville, Maryland, USA: EPHI and ICF.",,,8.8
2016,0,CA,10.9,9.1,"Ethiopia Demographic and Health Survey 2016. Addis Ababa, Ethiopia, and Rockville, Maryland, USA: CSA and ICF.",Proportion of children moderately or severely wasted [2.2.2],Percent,Units,Country Data,10.9,9.1,"Ethiopia Mini Demographic and Health Survey 2019: Key Indicators. Rockville, Maryland, USA: EPHI and ICF.",,,10.0
2019,0,C,,,"Ethiopia Mini Demographic and Health Survey 2019: Key Indicators. Rockville, Maryland, USA: EPHI and ICF.",Proportion of children moderately or severely wasted [2.2.2],Percent,Units,Country Data,10.9,9.1,"Ethiopia Mini Demographic and Health Survey 2019: Key Indicators. Rockville, Maryland, USA: EPHI and ICF.",,,7.2
2000,3,CA,1654.3,1407.7,"Ethiopia demographic and health survey 2000. Demographic and Health Surveys. Addis Ababa, Ethiopia and Calverton, Maryland, USA: Central Statistical Authority and ORC Macro, 2001",Children moderately or severely wasted (number) [2.2.2],Number,Thousands,Country Data,1731.8,1442.5,"Ethiopia Mini Demographic and Health Survey 2019: Key Indicators. Rockville, Maryland, USA: EPHI and ICF.",,,1526.7
2005,3,CA,1873.2,1503.4,"Ethiopia demographic and health survey 2005. Demographic and Health Surveys. Addis Ababa, Ethiopia and Calverton, Maryland, USA: General Statistical Agency and ORC Macro, 2006",Children moderately or severely wasted (number) [2.2.2],Number,Thousands,Country Data,1731.8,1442.5,"Ethiopia Mini Demographic and Health Survey 2019: Key Indicators. Rockville, Maryland, USA: EPHI and ICF.",,,1679.6
2011,3,CA,1558.4,1275.9,"Ethiopia demographic and health survey 2011. Demographic and Health Surveys. Addis Ababa, Ethiopia and Calverton, Maryland, USA: Central Statistical Agency and ICF International, 2012",Children moderately or severely wasted (number) [2.2.2],Number,Thousands,Country Data,1731.8,1442.5,"Ethiopia Mini Demographic and Health Survey 2019: Key Indicators. Rockville, Maryland, USA: EPHI and ICF.",,,1410.8
2014,3,CA,1575.5,1145,"Ethiopia mini demographic and health survey 2014. Addis Ababa, Ethiopia, 2014.",Children moderately or severely wasted (number) [2.2.2],Number,Thousands,Country Data,1731.8,1442.5,"Ethiopia Mini Demographic and Health Survey 2019: Key Indicators. Rockville, Maryland, USA: EPHI and ICF.",,,1344.7
2016,3,CA,1731.8,1442.5,"Ethiopia Demographic and Health Survey 2016. Addis Ababa, Ethiopia, and Rockville, Maryland, USA: CSA and ICF.",Children moderately or severely wasted (number) [2.2.2],Number,Thousands,Country Data,1731.8,1442.5,"Ethiopia Mini Demographic and Health Survey 2019: Key Indicators. Rockville, Maryland, USA: EPHI and ICF.",,,1581.3
2019,3,C,,,"Ethiopia Mini Demographic and Health Survey 2019: Key Indicators. Rockville, Maryland, USA: EPHI and ICF.",Children moderately or severely wasted (number) [2.2.2],Number,Thousands,Country Data,1731.8,1442.5,"Ethiopia Mini Demographic and Health Survey 2019: Key Indicators. Rockville, Maryland, USA: EPHI and ICF.",,,1192.4
2000,0,M,4.3,2.4,"Source: Joint Child Malnutrition Estimates (2021 Edition), United Nations Children's Fund (UNICEF), World Health Organisation (WHO) and the World Bank Group.",Proportion of children moderately or severely overweight [2.2.2],Percent,Units,Modeled,3.6,1.9,"Source: Joint Child Malnutrition Estimates (2021 Edition), United Nations Children's Fund (UNICEF), World Health Organisation (WHO) and the World Bank Group.","Figure is a modelled estimate. For primary sources, please refer to the metadata.","The estimates for the year 2020 do not account for the full impact of COVID-19.  Household survey data on child height and age were not collected in 2020 due to physical distancing policies. One of the covariates used in the country model takes the impact of COVID-19 partially into account. , Figure is a modelled estimate. For primary sources, please refer to the metadata.",3.2
2001,0,M,4.4,2.5,"Source: Joint Child Malnutrition Estimates (2021 Edition), United Nations Children's Fund (UNICEF), World Health Organisation (WHO) and the World Bank Group.",Proportion of children moderately or severely overweight [2.2.2],Percent,Units,Modeled,3.6,1.9,"Source: Joint Child Malnutrition Estimates (2021 Edition), United Nations Children's Fund (UNICEF), World Health Organisation (WHO) and the World Bank Group.","Figure is a modelled estimate. For primary sources, please refer to the metadata.","The estimates for the year 2020 do not account for the full impact of COVID-19.  Household survey data on child height and age were not collected in 2020 due to physical distancing policies. One of the covariates used in the country model takes the impact of COVID-19 partially into account. , Figure is a modelled estimate. For primary sources, please refer to the metadata.",3.3
2002,0,M,4.4,2.6,"Source: Joint Child Malnutrition Estimates (2021 Edition), United Nations Children's Fund (UNICEF), World Health Organisation (WHO) and the World Bank Group.",Proportion of children moderately or severely overweight [2.2.2],Percent,Units,Modeled,3.6,1.9,"Source: Joint Child Malnutrition Estimates (2021 Edition), United Nations Children's Fund (UNICEF), World Health Organisation (WHO) and the World Bank Group.","Figure is a modelled estimate. For primary sources, please refer to the metadata.","The estimates for the year 2020 do not account for the full impact of COVID-19.  Household survey data on child height and age were not collected in 2020 due to physical distancing policies. One of the covariates used in the country model takes the impact of COVID-19 partially into account. , Figure is a modelled estimate. For primary sources, please refer to the metadata.",3.4
2003,0,M,4.4,2.6,"Source: Joint Child Malnutrition Estimates (2021 Edition), United Nations Children's Fund (UNICEF), World Health Organisation (WHO) and the World Bank Group.",Proportion of children moderately or severely overweight [2.2.2],Percent,Units,Modeled,3.6,1.9,"Source: Joint Child Malnutrition Estimates (2021 Edition), United Nations Children's Fund (UNICEF), World Health Organisation (WHO) and the World Bank Group.","Figure is a modelled estimate. For primary sources, please refer to the metadata.","The estimates for the year 2020 do not account for the full impact of COVID-19.  Household survey data on child height and age were not collected in 2020 due to physical distancing policies. One of the covariates used in the country model takes the impact of COVID-19 partially into account. , Figure is a modelled estimate. For primary sources, please refer to the metadata.",3.4
2004,0,M,4.4,2.6,"Source: Joint Child Malnutrition Estimates (2021 Edition), United Nations Children's Fund (UNICEF), World Health Organisation (WHO) and the World Bank Group.",Proportion of children moderately or severely overweight [2.2.2],Percent,Units,Modeled,3.6,1.9,"Source: Joint Child Malnutrition Estimates (2021 Edition), United Nations Children's Fund (UNICEF), World Health Organisation (WHO) and the World Bank Group.","Figure is a modelled estimate. For primary sources, please refer to the metadata.","The estimates for the year 2020 do not account for the full impact of COVID-19.  Household survey data on child height and age were not collected in 2020 due to physical distancing policies. One of the covariates used in the country model takes the impact of COVID-19 partially into account. , Figure is a modelled estimate. For primary sources, please refer to the metadata.",3.4
2005,0,M,4.2,2.6,"Source: Joint Child Malnutrition Estimates (2021 Edition), United Nations Children's Fund (UNICEF), World Health Organisation (WHO) and the World Bank Group.",Proportion of children moderately or severely overweight [2.2.2],Percent,Units,Modeled,3.6,1.9,"Source: Joint Child Malnutrition Estimates (2021 Edition), United Nations Children's Fund (UNICEF), World Health Organisation (WHO) and the World Bank Group.","Figure is a modelled estimate. For primary sources, please refer to the metadata.","The estimates for the year 2020 do not account for the full impact of COVID-19.  Household survey data on child height and age were not collected in 2020 due to physical distancing policies. One of the covariates used in the country model takes the impact of COVID-19 partially into account. , Figure is a modelled estimate. For primary sources, please refer to the metadata.",3.3
2006,0,M,4,2.5,"Source: Joint Child Malnutrition Estimates (2021 Edition), United Nations Children's Fund (UNICEF), World Health Organisation (WHO) and the World Bank Group.",Proportion of children moderately or severely overweight [2.2.2],Percent,Units,Modeled,3.6,1.9,"Source: Joint Child Malnutrition Estimates (2021 Edition), United Nations Children's Fund (UNICEF), World Health Organisation (WHO) and the World Bank Group.","Figure is a modelled estimate. For primary sources, please refer to the metadata.","The estimates for the year 2020 do not account for the full impact of COVID-19.  Household survey data on child height and age were not collected in 2020 due to physical distancing policies. One of the covariates used in the country model takes the impact of COVID-19 partially into account. , Figure is a modelled estimate. For primary sources, please refer to the metadata.",3.2
2007,0,M,3.8,2.4,"Source: Joint Child Malnutrition Estimates (2021 Edition), United Nations Children's Fund (UNICEF), World Health Organisation (WHO) and the World Bank Group.",Proportion of children moderately or severely overweight [2.2.2],Percent,Units,Modeled,3.6,1.9,"Source: Joint Child Malnutrition Estimates (2021 Edition), United Nations Children's Fund (UNICEF), World Health Organisation (WHO) and the World Bank Group.","Figure is a modelled estimate. For primary sources, please refer to the metadata.","The estimates for the year 2020 do not account for the full impact of COVID-19.  Household survey data on child height and age were not collected in 2020 due to physical distancing policies. One of the covariates used in the country model takes the impact of COVID-19 partially into account. , Figure is a modelled estimate. For primary sources, please refer to the metadata.",3.0
2008,0,M,3.6,2.3,"Source: Joint Child Malnutrition Estimates (2021 Edition), United Nations Children's Fund (UNICEF), World Health Organisation (WHO) and the World Bank Group.",Proportion of children moderately or severely overweight [2.2.2],Percent,Units,Modeled,3.6,1.9,"Source: Joint Child Malnutrition Estimates (2021 Edition), United Nations Children's Fund (UNICEF), World Health Organisation (WHO) and the World Bank Group.","Figure is a modelled estimate. For primary sources, please refer to the metadata.","The estimates for the year 2020 do not account for the full impact of COVID-19.  Household survey data on child height and age were not collected in 2020 due to physical distancing policies. One of the covariates used in the country model takes the impact of COVID-19 partially into account. , Figure is a modelled estimate. For primary sources, please refer to the metadata.",2.9
2009,0,M,3.4,2.2,"Source: Joint Child Malnutrition Estimates (2021 Edition), United Nations Children's Fund (UNICEF), World Health Organisation (WHO) and the World Bank Group.",Proportion of children moderately or severely overweight [2.2.2],Percent,Units,Modeled,3.6,1.9,"Source: Joint Child Malnutrition Estimates (2021 Edition), United Nations Children's Fund (UNICEF), World Health Organisation (WHO) and the World Bank Group.","Figure is a modelled estimate. For primary sources, please refer to the metadata.","The estimates for the year 2020 do not account for the full impact of COVID-19.  Household survey data on child height and age were not collected in 2020 due to physical distancing policies. One of the covariates used in the country model takes the impact of COVID-19 partially into account. , Figure is a modelled estimate. For primary sources, please refer to the metadata.",2.7
2010,0,M,3.3,2.1,"Source: Joint Child Malnutrition Estimates (2021 Edition), United Nations Children's Fund (UNICEF), World Health Organisation (WHO) and the World Bank Group.",Proportion of children moderately or severely overweight [2.2.2],Percent,Units,Modeled,3.6,1.9,"Source: Joint Child Malnutrition Estimates (2021 Edition), United Nations Children's Fund (UNICEF), World Health Organisation (WHO) and the World Bank Group.","Figure is a modelled estimate. For primary sources, please refer to the metadata.","The estimates for the year 2020 do not account for the full impact of COVID-19.  Household survey data on child height and age were not collected in 2020 due to physical distancing policies. One of the covariates used in the country model takes the impact of COVID-19 partially into account. , Figure is a modelled estimate. For primary sources, please refer to the metadata.",2.6
2011,0,M,3.1,2,"Source: Joint Child Malnutrition Estimates (2021 Edition), United Nations Children's Fund (UNICEF), World Health Organisation (WHO) and the World Bank Group.",Proportion of children moderately or severely overweight [2.2.2],Percent,Units,Modeled,3.6,1.9,"Source: Joint Child Malnutrition Estimates (2021 Edition), United Nations Children's Fund (UNICEF), World Health Organisation (WHO) and the World Bank Group.","Figure is a modelled estimate. For primary sources, please refer to the metadata.","The estimates for the year 2020 do not account for the full impact of COVID-19.  Household survey data on child height and age were not collected in 2020 due to physical distancing policies. One of the covariates used in the country model takes the impact of COVID-19 partially into account. , Figure is a modelled estimate. For primary sources, please refer to the metadata.",2.5
2012,0,M,3.1,2,"Source: Joint Child Malnutrition Estimates (2021 Edition), United Nations Children's Fund (UNICEF), World Health Organisation (WHO) and the World Bank Group.",Proportion of children moderately or severely overweight [2.2.2],Percent,Units,Modeled,3.6,1.9,"Source: Joint Child Malnutrition Estimates (2021 Edition), United Nations Children's Fund (UNICEF), World Health Organisation (WHO) and the World Bank Group.","Figure is a modelled estimate. For primary sources, please refer to the metadata.","The estimates for the year 2020 do not account for the full impact of COVID-19.  Household survey data on child height and age were not collected in 2020 due to physical distancing policies. One of the covariates used in the country model takes the impact of COVID-19 partially into account. , Figure is a modelled estimate. For primary sources, please refer to the metadata.",2.5
2013,0,M,3,2,"Source: Joint Child Malnutrition Estimates (2021 Edition), United Nations Children's Fund (UNICEF), World Health Organisation (WHO) and the World Bank Group.",Proportion of children moderately or severely overweight [2.2.2],Percent,Units,Modeled,3.6,1.9,"Source: Joint Child Malnutrition Estimates (2021 Edition), United Nations Children's Fund (UNICEF), World Health Organisation (WHO) and the World Bank Group.","Figure is a modelled estimate. For primary sources, please refer to the metadata.","The estimates for the year 2020 do not account for the full impact of COVID-19.  Household survey data on child height and age were not collected in 2020 due to physical distancing policies. One of the covariates used in the country model takes the impact of COVID-19 partially into account. , Figure is a modelled estimate. For primary sources, please refer to the metadata.",2.4
2014,0,M,3,1.9,"Source: Joint Child Malnutrition Estimates (2021 Edition), United Nations Children's Fund (UNICEF), World Health Organisation (WHO) and the World Bank Group.",Proportion of children moderately or severely overweight [2.2.2],Percent,Units,Modeled,3.6,1.9,"Source: Joint Child Malnutrition Estimates (2021 Edition), United Nations Children's Fund (UNICEF), World Health Organisation (WHO) and the World Bank Group.","Figure is a modelled estimate. For primary sources, please refer to the metadata.","The estimates for the year 2020 do not account for the full impact of COVID-19.  Household survey data on child height and age were not collected in 2020 due to physical distancing policies. One of the covariates used in the country model takes the impact of COVID-19 partially into account. , Figure is a modelled estimate. For primary sources, please refer to the metadata.",2.4
2015,0,M,3,1.9,"Source: Joint Child Malnutrition Estimates (2021 Edition), United Nations Children's Fund (UNICEF), World Health Organisation (WHO) and the World Bank Group.",Proportion of children moderately or severely overweight [2.2.2],Percent,Units,Modeled,3.6,1.9,"Source: Joint Child Malnutrition Estimates (2021 Edition), United Nations Children's Fund (UNICEF), World Health Organisation (WHO) and the World Bank Group.","Figure is a modelled estimate. For primary sources, please refer to the metadata.","The estimates for the year 2020 do not account for the full impact of COVID-19.  Household survey data on child height and age were not collected in 2020 due to physical distancing policies. One of the covariates used in the country model takes the impact of COVID-19 partially into account. , Figure is a modelled estimate. For primary sources, please refer to the metadata.",2.4
2016,0,M,3,1.9,"Source: Joint Child Malnutrition Estimates (2021 Edition), United Nations Children's Fund (UNICEF), World Health Organisation (WHO) and the World Bank Group.",Proportion of children moderately or severely overweight [2.2.2],Percent,Units,Modeled,3.6,1.9,"Source: Joint Child Malnutrition Estimates (2021 Edition), United Nations Children's Fund (UNICEF), World Health Organisation (WHO) and the World Bank Group.","Figure is a modelled estimate. For primary sources, please refer to the metadata.","The estimates for the year 2020 do not account for the full impact of COVID-19.  Household survey data on child height and age were not collected in 2020 due to physical distancing policies. One of the covariates used in the country model takes the impact of COVID-19 partially into account. , Figure is a modelled estimate. For primary sources, please refer to the metadata.",2.4
2017,0,M,3.1,1.9,"Source: Joint Child Malnutrition Estimates (2021 Edition), United Nations Children's Fund (UNICEF), World Health Organisation (WHO) and the World Bank Group.",Proportion of children moderately or severely overweight [2.2.2],Percent,Units,Modeled,3.6,1.9,"Source: Joint Child Malnutrition Estimates (2021 Edition), United Nations Children's Fund (UNICEF), World Health Organisation (WHO) and the World Bank Group.","Figure is a modelled estimate. For primary sources, please refer to the metadata.","The estimates for the year 2020 do not account for the full impact of COVID-19.  Household survey data on child height and age were not collected in 2020 due to physical distancing policies. One of the covariates used in the country model takes the impact of COVID-19 partially into account. , Figure is a modelled estimate. For primary sources, please refer to the metadata.",2.4
2018,0,M,3.2,1.9,"Source: Joint Child Malnutrition Estimates (2021 Edition), United Nations Children's Fund (UNICEF), World Health Organisation (WHO) and the World Bank Group.",Proportion of children moderately or severely overweight [2.2.2],Percent,Units,Modeled,3.6,1.9,"Source: Joint Child Malnutrition Estimates (2021 Edition), United Nations Children's Fund (UNICEF), World Health Organisation (WHO) and the World Bank Group.","Figure is a modelled estimate. For primary sources, please refer to the metadata.","The estimates for the year 2020 do not account for the full impact of COVID-19.  Household survey data on child height and age were not collected in 2020 due to physical distancing policies. One of the covariates used in the country model takes the impact of COVID-19 partially into account. , Figure is a modelled estimate. For primary sources, please refer to the metadata.",2.5
2019,0,M,3.4,1.9,"Source: Joint Child Malnutrition Estimates (2021 Edition), United Nations Children's Fund (UNICEF), World Health Organisation (WHO) and the World Bank Group.",Proportion of children moderately or severely overweight [2.2.2],Percent,Units,Modeled,3.6,1.9,"Source: Joint Child Malnutrition Estimates (2021 Edition), United Nations Children's Fund (UNICEF), World Health Organisation (WHO) and the World Bank Group.","Figure is a modelled estimate. For primary sources, please refer to the metadata.","The estimates for the year 2020 do not account for the full impact of COVID-19.  Household survey data on child height and age were not collected in 2020 due to physical distancing policies. One of the covariates used in the country model takes the impact of COVID-19 partially into account. , Figure is a modelled estimate. For primary sources, please refer to the metadata.",2.6
2020,0,M,3.6,1.9,"Source: Joint Child Malnutrition Estimates (2021 Edition), United Nations Children's Fund (UNICEF), World Health Organisation (WHO) and the World Bank Group.",Proportion of children moderately or severely overweight [2.2.2],Percent,Units,Modeled,3.6,1.9,"Source: Joint Child Malnutrition Estimates (2021 Edition), United Nations Children's Fund (UNICEF), World Health Organisation (WHO) and the World Bank Group.","The estimates for the year 2020 do not account for the full impact of COVID-19.  Household survey data on child height and age were not collected in 2020 due to physical distancing policies. One of the covariates used in the country model takes the impact of COVID-19 partially into account. , Figure is a modelled estimate. For primary sources, please refer to the metadata.","The estimates for the year 2020 do not account for the full impact of COVID-19.  Household survey data on child height and age were not collected in 2020 due to physical distancing policies. One of the covariates used in the country model takes the impact of COVID-19 partially into account. , Figure is a modelled estimate. For primary sources, please refer to the metadata.",2.6
2000,3,M,526.6,290.8,"Source: Joint Child Malnutrition Estimates (2021 Edition), United Nations Children's Fund (UNICEF), World Health Organisation (WHO) and the World Bank Group.",Children moderately or severely overweight (number) [2.2.2],Number,Thousands,Modeled,597.5,322,"Source: Joint Child Malnutrition Estimates (2021 Edition), United Nations Children's Fund (UNICEF), World Health Organisation (WHO) and the World Bank Group.","Figure is a modelled estimate. For primary sources, please refer to the metadata.","The estimates for the year 2020 do not account for the full impact of COVID-19.  Household survey data on child height and age were not collected in 2020 due to physical distancing policies. One of the covariates used in the country model takes the impact of COVID-19 partially into account. , Figure is a modelled estimate. For primary sources, please refer to the metadata.",391.9
2001,3,M,558.4,315.7,"Source: Joint Child Malnutrition Estimates (2021 Edition), United Nations Children's Fund (UNICEF), World Health Organisation (WHO) and the World Bank Group.",Children moderately or severely overweight (number) [2.2.2],Number,Thousands,Modeled,597.5,322,"Source: Joint Child Malnutrition Estimates (2021 Edition), United Nations Children's Fund (UNICEF), World Health Organisation (WHO) and the World Bank Group.","Figure is a modelled estimate. For primary sources, please refer to the metadata.","The estimates for the year 2020 do not account for the full impact of COVID-19.  Household survey data on child height and age were not collected in 2020 due to physical distancing policies. One of the covariates used in the country model takes the impact of COVID-19 partially into account. , Figure is a modelled estimate. For primary sources, please refer to the metadata.",420.4
2002,3,M,578.9,334.2,"Source: Joint Child Malnutrition Estimates (2021 Edition), United Nations Children's Fund (UNICEF), World Health Organisation (WHO) and the World Bank Group.",Children moderately or severely overweight (number) [2.2.2],Number,Thousands,Modeled,597.5,322,"Source: Joint Child Malnutrition Estimates (2021 Edition), United Nations Children's Fund (UNICEF), World Health Organisation (WHO) and the World Bank Group.","Figure is a modelled estimate. For primary sources, please refer to the metadata.","The estimates for the year 2020 do not account for the full impact of COVID-19.  Household survey data on child height and age were not collected in 2020 due to physical distancing policies. One of the covariates used in the country model takes the impact of COVID-19 partially into account. , Figure is a modelled estimate. For primary sources, please refer to the metadata.",440.4
2003,3,M,588,345.2,"Source: Joint Child Malnutrition Estimates (2021 Edition), United Nations Children's Fund (UNICEF), World Health Organisation (WHO) and the World Bank Group.",Children moderately or severely overweight (number) [2.2.2],Number,Thousands,Modeled,597.5,322,"Source: Joint Child Malnutrition Estimates (2021 Edition), United Nations Children's Fund (UNICEF), World Health Organisation (WHO) and the World Bank Group.","Figure is a modelled estimate. For primary sources, please refer to the metadata.","The estimates for the year 2020 do not account for the full impact of COVID-19.  Household survey data on child height and age were not collected in 2020 due to physical distancing policies. One of the covariates used in the country model takes the impact of COVID-19 partially into account. , Figure is a modelled estimate. For primary sources, please refer to the metadata.",451.1
2004,3,M,585.6,349,"Source: Joint Child Malnutrition Estimates (2021 Edition), United Nations Children's Fund (UNICEF), World Health Organisation (WHO) and the World Bank Group.",Children moderately or severely overweight (number) [2.2.2],Number,Thousands,Modeled,597.5,322,"Source: Joint Child Malnutrition Estimates (2021 Edition), United Nations Children's Fund (UNICEF), World Health Organisation (WHO) and the World Bank Group.","Figure is a modelled estimate. For primary sources, please refer to the metadata.","The estimates for the year 2020 do not account for the full impact of COVID-19.  Household survey data on child height and age were not collected in 2020 due to physical distancing policies. One of the covariates used in the country model takes the impact of COVID-19 partially into account. , Figure is a modelled estimate. For primary sources, please refer to the metadata.",452.6
2005,3,M,572.3,346.5,"Source: Joint Child Malnutrition Estimates (2021 Edition), United Nations Children's Fund (UNICEF), World Health Organisation (WHO) and the World Bank Group.",Children moderately or severely overweight (number) [2.2.2],Number,Thousands,Modeled,597.5,322,"Source: Joint Child Malnutrition Estimates (2021 Edition), United Nations Children's Fund (UNICEF), World Health Organisation (WHO) and the World Bank Group.","Figure is a modelled estimate. For primary sources, please refer to the metadata.","The estimates for the year 2020 do not account for the full impact of COVID-19.  Household survey data on child height and age were not collected in 2020 due to physical distancing policies. One of the covariates used in the country model takes the impact of COVID-19 partially into account. , Figure is a modelled estimate. For primary sources, please refer to the metadata.",445.8
2006,3,M,549.4,337.6,"Source: Joint Child Malnutrition Estimates (2021 Edition), United Nations Children's Fund (UNICEF), World Health Organisation (WHO) and the World Bank Group.",Children moderately or severely overweight (number) [2.2.2],Number,Thousands,Modeled,597.5,322,"Source: Joint Child Malnutrition Estimates (2021 Edition), United Nations Children's Fund (UNICEF), World Health Organisation (WHO) and the World Bank Group.","Figure is a modelled estimate. For primary sources, please refer to the metadata.","The estimates for the year 2020 do not account for the full impact of COVID-19.  Household survey data on child height and age were not collected in 2020 due to physical distancing policies. One of the covariates used in the country model takes the impact of COVID-19 partially into account. , Figure is a modelled estimate. For primary sources, please refer to the metadata.",431.1
2007,3,M,524.4,326.1,"Source: Joint Child Malnutrition Estimates (2021 Edition), United Nations Children's Fund (UNICEF), World Health Organisation (WHO) and the World Bank Group.",Children moderately or severely overweight (number) [2.2.2],Number,Thousands,Modeled,597.5,322,"Source: Joint Child Malnutrition Estimates (2021 Edition), United Nations Children's Fund (UNICEF), World Health Organisation (WHO) and the World Bank Group.","Figure is a modelled estimate. For primary sources, please refer to the metadata.","The estimates for the year 2020 do not account for the full impact of COVID-19.  Household survey data on child height and age were not collected in 2020 due to physical distancing policies. One of the covariates used in the country model takes the impact of COVID-19 partially into account. , Figure is a modelled estimate. For primary sources, please refer to the metadata.",413.9
2008,3,M,500.6,314.8,"Source: Joint Child Malnutrition Estimates (2021 Edition), United Nations Children's Fund (UNICEF), World Health Organisation (WHO) and the World Bank Group.",Children moderately or severely overweight (number) [2.2.2],Number,Thousands,Modeled,597.5,322,"Source: Joint Child Malnutrition Estimates (2021 Edition), United Nations Children's Fund (UNICEF), World Health Organisation (WHO) and the World Bank Group.","Figure is a modelled estimate. For primary sources, please refer to the metadata.","The estimates for the year 2020 do not account for the full impact of COVID-19.  Household survey data on child height and age were not collected in 2020 due to physical distancing policies. One of the covariates used in the country model takes the impact of COVID-19 partially into account. , Figure is a modelled estimate. For primary sources, please refer to the metadata.",397.3
2009,3,M,480.1,305.9,"Source: Joint Child Malnutrition Estimates (2021 Edition), United Nations Children's Fund (UNICEF), World Health Organisation (WHO) and the World Bank Group.",Children moderately or severely overweight (number) [2.2.2],Number,Thousands,Modeled,597.5,322,"Source: Joint Child Malnutrition Estimates (2021 Edition), United Nations Children's Fund (UNICEF), World Health Organisation (WHO) and the World Bank Group.","Figure is a modelled estimate. For primary sources, please refer to the metadata.","The estimates for the year 2020 do not account for the full impact of COVID-19.  Household survey data on child height and age were not collected in 2020 due to physical distancing policies. One of the covariates used in the country model takes the impact of COVID-19 partially into account. , Figure is a modelled estimate. For primary sources, please refer to the metadata.",383.5
2010,3,M,464.3,299.3,"Source: Joint Child Malnutrition Estimates (2021 Edition), United Nations Children's Fund (UNICEF), World Health Organisation (WHO) and the World Bank Group.",Children moderately or severely overweight (number) [2.2.2],Number,Thousands,Modeled,597.5,322,"Source: Joint Child Malnutrition Estimates (2021 Edition), United Nations Children's Fund (UNICEF), World Health Organisation (WHO) and the World Bank Group.","Figure is a modelled estimate. For primary sources, please refer to the metadata.","The estimates for the year 2020 do not account for the full impact of COVID-19.  Household survey data on child height and age were not collected in 2020 due to physical distancing policies. One of the covariates used in the country model takes the impact of COVID-19 partially into account. , Figure is a modelled estimate. For primary sources, please refer to the metadata.",373.0
2011,3,M,453.2,294,"Source: Joint Child Malnutrition Estimates (2021 Edition), United Nations Children's Fund (UNICEF), World Health Organisation (WHO) and the World Bank Group.",Children moderately or severely overweight (number) [2.2.2],Number,Thousands,Modeled,597.5,322,"Source: Joint Child Malnutrition Estimates (2021 Edition), United Nations Children's Fund (UNICEF), World Health Organisation (WHO) and the World Bank Group.","Figure is a modelled estimate. For primary sources, please refer to the metadata.","The estimates for the year 2020 do not account for the full impact of COVID-19.  Household survey data on child height and age were not collected in 2020 due to physical distancing policies. One of the covariates used in the country model takes the impact of COVID-19 partially into account. , Figure is a modelled estimate. For primary sources, please refer to the metadata.",365.3
2012,3,M,448.1,291.5,"Source: Joint Child Malnutrition Estimates (2021 Edition), United Nations Children's Fund (UNICEF), World Health Organisation (WHO) and the World Bank Group.",Children moderately or severely overweight (number) [2.2.2],Number,Thousands,Modeled,597.5,322,"Source: Joint Child Malnutrition Estimates (2021 Edition), United Nations Children's Fund (UNICEF), World Health Organisation (WHO) and the World Bank Group.","Figure is a modelled estimate. For primary sources, please refer to the metadata.","The estimates for the year 2020 do not account for the full impact of COVID-19.  Household survey data on child height and age were not collected in 2020 due to physical distancing policies. One of the covariates used in the country model takes the impact of COVID-19 partially into account. , Figure is a modelled estimate. For primary sources, please refer to the metadata.",361.6
2013,3,M,448.1,291.8,"Source: Joint Child Malnutrition Estimates (2021 Edition), United Nations Children's Fund (UNICEF), World Health Organisation (WHO) and the World Bank Group.",Children moderately or severely overweight (number) [2.2.2],Number,Thousands,Modeled,597.5,322,"Source: Joint Child Malnutrition Estimates (2021 Edition), United Nations Children's Fund (UNICEF), World Health Organisation (WHO) and the World Bank Group.","Figure is a modelled estimate. For primary sources, please refer to the metadata.","The estimates for the year 2020 do not account for the full impact of COVID-19.  Household survey data on child height and age were not collected in 2020 due to physical distancing policies. One of the covariates used in the country model takes the impact of COVID-19 partially into account. , Figure is a modelled estimate. For primary sources, please refer to the metadata.",361.8
2014,3,M,453.3,294,"Source: Joint Child Malnutrition Estimates (2021 Edition), United Nations Children's Fund (UNICEF), World Health Organisation (WHO) and the World Bank Group.",Children moderately or severely overweight (number) [2.2.2],Number,Thousands,Modeled,597.5,322,"Source: Joint Child Malnutrition Estimates (2021 Edition), United Nations Children's Fund (UNICEF), World Health Organisation (WHO) and the World Bank Group.","Figure is a modelled estimate. For primary sources, please refer to the metadata.","The estimates for the year 2020 do not account for the full impact of COVID-19.  Household survey data on child height and age were not collected in 2020 due to physical distancing policies. One of the covariates used in the country model takes the impact of COVID-19 partially into account. , Figure is a modelled estimate. For primary sources, please refer to the metadata.",365.2
2015,3,M,463.9,297.1,"Source: Joint Child Malnutrition Estimates (2021 Edition), United Nations Children's Fund (UNICEF), World Health Organisation (WHO) and the World Bank Group.",Children moderately or severely overweight (number) [2.2.2],Number,Thousands,Modeled,597.5,322,"Source: Joint Child Malnutrition Estimates (2021 Edition), United Nations Children's Fund (UNICEF), World Health Organisation (WHO) and the World Bank Group.","Figure is a modelled estimate. For primary sources, please refer to the metadata.","The estimates for the year 2020 do not account for the full impact of COVID-19.  Household survey data on child height and age were not collected in 2020 due to physical distancing policies. One of the covariates used in the country model takes the impact of COVID-19 partially into account. , Figure is a modelled estimate. For primary sources, please refer to the metadata.",371.4
2016,3,M,481.9,302.5,"Source: Joint Child Malnutrition Estimates (2021 Edition), United Nations Children's Fund (UNICEF), World Health Organisation (WHO) and the World Bank Group.",Children moderately or severely overweight (number) [2.2.2],Number,Thousands,Modeled,597.5,322,"Source: Joint Child Malnutrition Estimates (2021 Edition), United Nations Children's Fund (UNICEF), World Health Organisation (WHO) and the World Bank Group.","Figure is a modelled estimate. For primary sources, please refer to the metadata.","The estimates for the year 2020 do not account for the full impact of COVID-19.  Household survey data on child height and age were not collected in 2020 due to physical distancing policies. One of the covariates used in the country model takes the impact of COVID-19 partially into account. , Figure is a modelled estimate. For primary sources, please refer to the metadata.",382.0
2017,3,M,503.5,308,"Source: Joint Child Malnutrition Estimates (2021 Edition), United Nations Children's Fund (UNICEF), World Health Organisation (WHO) and the World Bank Group.",Children moderately or severely overweight (number) [2.2.2],Number,Thousands,Modeled,597.5,322,"Source: Joint Child Malnutrition Estimates (2021 Edition), United Nations Children's Fund (UNICEF), World Health Organisation (WHO) and the World Bank Group.","Figure is a modelled estimate. For primary sources, please refer to the metadata.","The estimates for the year 2020 do not account for the full impact of COVID-19.  Household survey data on child height and age were not collected in 2020 due to physical distancing policies. One of the covariates used in the country model takes the impact of COVID-19 partially into account. , Figure is a modelled estimate. For primary sources, please refer to the metadata.",394.1
2018,3,M,529.1,313.2,"Source: Joint Child Malnutrition Estimates (2021 Edition), United Nations Children's Fund (UNICEF), World Health Organisation (WHO) and the World Bank Group.",Children moderately or severely overweight (number) [2.2.2],Number,Thousands,Modeled,597.5,322,"Source: Joint Child Malnutrition Estimates (2021 Edition), United Nations Children's Fund (UNICEF), World Health Organisation (WHO) and the World Bank Group.","Figure is a modelled estimate. For primary sources, please refer to the metadata.","The estimates for the year 2020 do not account for the full impact of COVID-19.  Household survey data on child height and age were not collected in 2020 due to physical distancing policies. One of the covariates used in the country model takes the impact of COVID-19 partially into account. , Figure is a modelled estimate. For primary sources, please refer to the metadata.",407.5
2019,3,M,560.1,318,"Source: Joint Child Malnutrition Estimates (2021 Edition), United Nations Children's Fund (UNICEF), World Health Organisation (WHO) and the World Bank Group.",Children moderately or severely overweight (number) [2.2.2],Number,Thousands,Modeled,597.5,322,"Source: Joint Child Malnutrition Estimates (2021 Edition), United Nations Children's Fund (UNICEF), World Health Organisation (WHO) and the World Bank Group.","Figure is a modelled estimate. For primary sources, please refer to the metadata.","The estimates for the year 2020 do not account for the full impact of COVID-19.  Household survey data on child height and age were not collected in 2020 due to physical distancing policies. One of the covariates used in the country model takes the impact of COVID-19 partially into account. , Figure is a modelled estimate. For primary sources, please refer to the metadata.",422.5
2020,3,M,597.5,322,"Source: Joint Child Malnutrition Estimates (2021 Edition), United Nations Children's Fund (UNICEF), World Health Organisation (WHO) and the World Bank Group.",Children moderately or severely overweight (number) [2.2.2],Number,Thousands,Modeled,597.5,322,"Source: Joint Child Malnutrition Estimates (2021 Edition), United Nations Children's Fund (UNICEF), World Health Organisation (WHO) and the World Bank Group.","The estimates for the year 2020 do not account for the full impact of COVID-19.  Household survey data on child height and age were not collected in 2020 due to physical distancing policies. One of the covariates used in the country model takes the impact of COVID-19 partially into account. , Figure is a modelled estimate. For primary sources, please refer to the metadata.","The estimates for the year 2020 do not account for the full impact of COVID-19.  Household survey data on child height and age were not collected in 2020 due to physical distancing policies. One of the covariates used in the country model takes the impact of COVID-19 partially into account. , Figure is a modelled estimate. For primary sources, please refer to the metadata.",439.2
