Year,UPPER_BOUND,LOWER_BOUND,SDG Series,Sex,Age,Composite breakdown,Unit of measure,Upper bound value,Lower bound value,Value
2000,123551,52460,Deaths attributed non-communicable diseases (number) [3.4.1],,,Non-communicable disease: Cardiovascular disease,Number,147833,61583,81493.0
2005,119542,53112,Deaths attributed non-communicable diseases (number) [3.4.1],,,Non-communicable disease: Cardiovascular disease,Number,147833,61583,80323.0
2010,120964,55491,Deaths attributed non-communicable diseases (number) [3.4.1],,,Non-communicable disease: Cardiovascular disease,Number,147833,61583,82515.0
2015,132484,57054,Deaths attributed non-communicable diseases (number) [3.4.1],,,Non-communicable disease: Cardiovascular disease,Number,147833,61583,88723.0
2019,147833,61583,Deaths attributed non-communicable diseases (number) [3.4.1],,,Non-communicable disease: Cardiovascular disease,Number,147833,61583,98378.0
2000,54136,19461,Deaths attributed non-communicable diseases (number) [3.4.1],,,Non-communicable disease: Cancer,Number,77377,31888,33340.0
2005,53892,21502,Deaths attributed non-communicable diseases (number) [3.4.1],,,Non-communicable disease: Cancer,Number,77377,31888,34474.0
2010,55761,24029,Deaths attributed non-communicable diseases (number) [3.4.1],,,Non-communicable disease: Cancer,Number,77377,31888,36769.0
2015,64983,27506,Deaths attributed non-communicable diseases (number) [3.4.1],,,Non-communicable disease: Cancer,Number,77377,31888,42557.0
2019,77377,31888,Deaths attributed non-communicable diseases (number) [3.4.1],,,Non-communicable disease: Cancer,Number,77377,31888,50022.0
2000,29000,9438,Deaths attributed non-communicable diseases (number) [3.4.1],,,Non-communicable disease: Chronic respiratory disease,Number,26428,10276,17368.0
2005,27894,9470,Deaths attributed non-communicable diseases (number) [3.4.1],,,Non-communicable disease: Chronic respiratory disease,Number,26428,10276,16929.0
2010,25201,9594,Deaths attributed non-communicable diseases (number) [3.4.1],,,Non-communicable disease: Chronic respiratory disease,Number,26428,10276,16319.0
2015,25050,9702,Deaths attributed non-communicable diseases (number) [3.4.1],,,Non-communicable disease: Chronic respiratory disease,Number,26428,10276,16185.0
2019,26428,10276,Deaths attributed non-communicable diseases (number) [3.4.1],,,Non-communicable disease: Chronic respiratory disease,Number,26428,10276,17199.0
2000,23086,11947,Deaths attributed non-communicable diseases (number) [3.4.1],,,Non-communicable disease: Diabetes,Number,27181,14336,16924.0
2005,21999,12083,Deaths attributed non-communicable diseases (number) [3.4.1],,,Non-communicable disease: Diabetes,Number,27181,14336,16548.0
2010,22224,12874,Deaths attributed non-communicable diseases (number) [3.4.1],,,Non-communicable disease: Diabetes,Number,27181,14336,17161.0
2015,23964,13277,Deaths attributed non-communicable diseases (number) [3.4.1],,,Non-communicable disease: Diabetes,Number,27181,14336,18126.0
2019,27181,14336,Deaths attributed non-communicable diseases (number) [3.4.1],,,Non-communicable disease: Diabetes,Number,27181,14336,20100.0
2000,59747,23784,Deaths attributed non-communicable diseases (number) [3.4.1],Female,,Non-communicable disease: Cardiovascular disease,Number,72755,32043,38806.0
2005,58029,25432,Deaths attributed non-communicable diseases (number) [3.4.1],Female,,Non-communicable disease: Cardiovascular disease,Number,72755,32043,39311.0
2010,57953,27176,Deaths attributed non-communicable diseases (number) [3.4.1],Female,,Non-communicable disease: Cardiovascular disease,Number,72755,32043,40454.0
2015,64842,29034,Deaths attributed non-communicable diseases (number) [3.4.1],Female,,Non-communicable disease: Cardiovascular disease,Number,72755,32043,44614.0
2019,72755,32043,Deaths attributed non-communicable diseases (number) [3.4.1],Female,,Non-communicable disease: Cardiovascular disease,Number,72755,32043,50326.0
2000,36382,13086,Deaths attributed non-communicable diseases (number) [3.4.1],Female,,Non-communicable disease: Cancer,Number,50430,21229,22409.0
2005,35732,14512,Deaths attributed non-communicable diseases (number) [3.4.1],Female,,Non-communicable disease: Cancer,Number,50430,21229,22908.0
2010,36270,16067,Deaths attributed non-communicable diseases (number) [3.4.1],Female,,Non-communicable disease: Cancer,Number,50430,21229,23959.0
2015,42260,18341,Deaths attributed non-communicable diseases (number) [3.4.1],Female,,Non-communicable disease: Cancer,Number,50430,21229,27693.0
2019,50430,21229,Deaths attributed non-communicable diseases (number) [3.4.1],Female,,Non-communicable disease: Cancer,Number,50430,21229,32642.0
2000,13096,3760,Deaths attributed non-communicable diseases (number) [3.4.1],Female,,Non-communicable disease: Chronic respiratory disease,Number,11586,4145,7692.0
2005,12489,4009,Deaths attributed non-communicable diseases (number) [3.4.1],Female,,Non-communicable disease: Chronic respiratory disease,Number,11586,4145,7615.0
2010,11056,3934,Deaths attributed non-communicable diseases (number) [3.4.1],Female,,Non-communicable disease: Chronic respiratory disease,Number,11586,4145,7004.0
2015,10913,3916,Deaths attributed non-communicable diseases (number) [3.4.1],Female,,Non-communicable disease: Chronic respiratory disease,Number,11586,4145,6839.0
2019,11586,4145,Deaths attributed non-communicable diseases (number) [3.4.1],Female,,Non-communicable disease: Chronic respiratory disease,Number,11586,4145,7302.0
2000,10320,5210,Deaths attributed non-communicable diseases (number) [3.4.1],Female,,Non-communicable disease: Diabetes,Number,11668,6262,7520.0
2005,10074,5397,Deaths attributed non-communicable diseases (number) [3.4.1],Female,,Non-communicable disease: Diabetes,Number,11668,6262,7502.0
2010,9726,5554,Deaths attributed non-communicable diseases (number) [3.4.1],Female,,Non-communicable disease: Diabetes,Number,11668,6262,7455.0
2015,10304,5683,Deaths attributed non-communicable diseases (number) [3.4.1],Female,,Non-communicable disease: Diabetes,Number,11668,6262,7774.0
2019,11668,6262,Deaths attributed non-communicable diseases (number) [3.4.1],Female,,Non-communicable disease: Diabetes,Number,11668,6262,8709.0
2000,63804,28676,Deaths attributed non-communicable diseases (number) [3.4.1],Male,,Non-communicable disease: Cardiovascular disease,Number,75078,29540,42687.0
2005,61513,27680,Deaths attributed non-communicable diseases (number) [3.4.1],Male,,Non-communicable disease: Cardiovascular disease,Number,75078,29540,41012.0
2010,63011,28314,Deaths attributed non-communicable diseases (number) [3.4.1],Male,,Non-communicable disease: Cardiovascular disease,Number,75078,29540,42061.0
2015,67643,28021,Deaths attributed non-communicable diseases (number) [3.4.1],Male,,Non-communicable disease: Cardiovascular disease,Number,75078,29540,44109.0
2019,75078,29540,Deaths attributed non-communicable diseases (number) [3.4.1],Male,,Non-communicable disease: Cardiovascular disease,Number,75078,29540,48052.0
2000,17754,6375,Deaths attributed non-communicable diseases (number) [3.4.1],Male,,Non-communicable disease: Cancer,Number,26947,10660,10931.0
2005,18160,6989,Deaths attributed non-communicable diseases (number) [3.4.1],Male,,Non-communicable disease: Cancer,Number,26947,10660,11566.0
2010,19492,7962,Deaths attributed non-communicable diseases (number) [3.4.1],Male,,Non-communicable disease: Cancer,Number,26947,10660,12810.0
2015,22723,9165,Deaths attributed non-communicable diseases (number) [3.4.1],Male,,Non-communicable disease: Cancer,Number,26947,10660,14864.0
2019,26947,10660,Deaths attributed non-communicable diseases (number) [3.4.1],Male,,Non-communicable disease: Cancer,Number,26947,10660,17380.0
2000,15905,5677,Deaths attributed non-communicable diseases (number) [3.4.1],Male,,Non-communicable disease: Chronic respiratory disease,Number,14842,6130,9676.0
2005,15405,5461,Deaths attributed non-communicable diseases (number) [3.4.1],Male,,Non-communicable disease: Chronic respiratory disease,Number,14842,6130,9313.0
2010,14145,5660,Deaths attributed non-communicable diseases (number) [3.4.1],Male,,Non-communicable disease: Chronic respiratory disease,Number,14842,6130,9315.0
2015,14138,5786,Deaths attributed non-communicable diseases (number) [3.4.1],Male,,Non-communicable disease: Chronic respiratory disease,Number,14842,6130,9346.0
2019,14842,6130,Deaths attributed non-communicable diseases (number) [3.4.1],Male,,Non-communicable disease: Chronic respiratory disease,Number,14842,6130,9897.0
2000,12766,6737,Deaths attributed non-communicable diseases (number) [3.4.1],Male,,Non-communicable disease: Diabetes,Number,15513,8074,9404.0
2005,11925,6686,Deaths attributed non-communicable diseases (number) [3.4.1],Male,,Non-communicable disease: Diabetes,Number,15513,8074,9046.0
2010,12498,7320,Deaths attributed non-communicable diseases (number) [3.4.1],Male,,Non-communicable disease: Diabetes,Number,15513,8074,9706.0
2015,13659,7594,Deaths attributed non-communicable diseases (number) [3.4.1],Male,,Non-communicable disease: Diabetes,Number,15513,8074,10352.0
2019,15513,8074,Deaths attributed non-communicable diseases (number) [3.4.1],Male,,Non-communicable disease: Diabetes,Number,15513,8074,11391.0
2000,38.3,18.5,"Mortality rate attributed to cardiovascular disease, cancer, diabetes or chronic respiratory disease [3.4.1]",,30 to exact 70 years old,,Percent,24.7,11.3,27.3
2005,32.5,15.9,"Mortality rate attributed to cardiovascular disease, cancer, diabetes or chronic respiratory disease [3.4.1]",,30 to exact 70 years old,,Percent,24.7,11.3,23.1
2010,27.3,13.7,"Mortality rate attributed to cardiovascular disease, cancer, diabetes or chronic respiratory disease [3.4.1]",,30 to exact 70 years old,,Percent,24.7,11.3,19.6
2015,25.2,11.9,"Mortality rate attributed to cardiovascular disease, cancer, diabetes or chronic respiratory disease [3.4.1]",,30 to exact 70 years old,,Percent,24.7,11.3,17.7
2019,24.7,11.3,"Mortality rate attributed to cardiovascular disease, cancer, diabetes or chronic respiratory disease [3.4.1]",,30 to exact 70 years old,,Percent,24.7,11.3,17.1
2000,38.5,17.7,"Mortality rate attributed to cardiovascular disease, cancer, diabetes or chronic respiratory disease [3.4.1]",Female,30 to exact 70 years old,,Percent,24.1,11.3,27.1
2005,32.4,15.7,"Mortality rate attributed to cardiovascular disease, cancer, diabetes or chronic respiratory disease [3.4.1]",Female,30 to exact 70 years old,,Percent,24.1,11.3,23.0
2010,26.5,13.5,"Mortality rate attributed to cardiovascular disease, cancer, diabetes or chronic respiratory disease [3.4.1]",Female,30 to exact 70 years old,,Percent,24.1,11.3,19.1
2015,24.5,11.8,"Mortality rate attributed to cardiovascular disease, cancer, diabetes or chronic respiratory disease [3.4.1]",Female,30 to exact 70 years old,,Percent,24.1,11.3,17.3
2019,24.1,11.3,"Mortality rate attributed to cardiovascular disease, cancer, diabetes or chronic respiratory disease [3.4.1]",Female,30 to exact 70 years old,,Percent,24.1,11.3,16.9
2000,38,19.2,"Mortality rate attributed to cardiovascular disease, cancer, diabetes or chronic respiratory disease [3.4.1]",Male,30 to exact 70 years old,,Percent,25.4,11.3,27.4
2005,32.6,16.2,"Mortality rate attributed to cardiovascular disease, cancer, diabetes or chronic respiratory disease [3.4.1]",Male,30 to exact 70 years old,,Percent,25.4,11.3,23.2
2010,28.2,14.1,"Mortality rate attributed to cardiovascular disease, cancer, diabetes or chronic respiratory disease [3.4.1]",Male,30 to exact 70 years old,,Percent,25.4,11.3,20.1
2015,26.1,12.1,"Mortality rate attributed to cardiovascular disease, cancer, diabetes or chronic respiratory disease [3.4.1]",Male,30 to exact 70 years old,,Percent,25.4,11.3,18.1
2019,25.4,11.3,"Mortality rate attributed to cardiovascular disease, cancer, diabetes or chronic respiratory disease [3.4.1]",Male,30 to exact 70 years old,,Percent,25.4,11.3,17.4
