Year,NATURE,SOURCE_DETAIL,SDG Series,Value
2004,G,"Ethiopia - Household Income, Consumption and Expenditure Survey 2004-2005 - World Bank SHIP Harmonized Dataset",Proportion of population with large household expenditures on health (greater than 10%) as a share of total household expenditure or income [3.8.2],0.81836
2011,CA,"Ethiopia Household Income, Consumption and Expenditure survey 2011",Proportion of population with large household expenditures on health (greater than 10%) as a share of total household expenditure or income [3.8.2],1.87901
2015,G,Household Income and Consumption Ethiopian Survey 2015-2016- World Bank SSAPOV serie,Proportion of population with large household expenditures on health (greater than 10%) as a share of total household expenditure or income [3.8.2],2.11677
2004,G,"Ethiopia - Household Income, Consumption and Expenditure Survey 2004-2005 - World Bank SHIP Harmonized Dataset",Proportion of population with large household expenditures on health (greater than 25%) as a share of total household expenditure or income [3.8.2],0.17633
2011,CA,"Ethiopia Household Income, Consumption and Expenditure survey 2011",Proportion of population with large household expenditures on health (greater than 25%) as a share of total household expenditure or income [3.8.2],0.20498
2015,G,Household Income and Consumption Ethiopian Survey 2015-2016- World Bank SSAPOV serie,Proportion of population with large household expenditures on health (greater than 25%) as a share of total household expenditure or income [3.8.2],0.2652
