Year,SDG Series,Sex,Value
2015,Proportion of children engaged in economic activity [8.7.1],,40.5
2015,Proportion of children engaged in economic activity [8.7.1],Female,32.1
2015,Proportion of children engaged in economic activity [8.7.1],Male,48.3
2015,Proportion of children engaged in economic activity and household chores [8.7.1],,45.0
2015,Proportion of children engaged in economic activity and household chores [8.7.1],Female,38.9
2015,Proportion of children engaged in economic activity and household chores [8.7.1],Male,50.6
